stage,case_index_0,cell_row_0,cell_column_0,class,test_name,status,seconds,source
audit,0,0,0,tests.test_roadmap_audit_gating,test_scientific_bad_does_not_block_but_structural_failure_does[math-False],PASS,0.014,reporter-tests/audit/tests.xml
audit,1,0,1,tests.test_roadmap_audit_gating,test_scientific_bad_does_not_block_but_structural_failure_does[gap-False],PASS,0.010,reporter-tests/audit/tests.xml
audit,2,0,2,tests.test_roadmap_audit_gating,test_scientific_bad_does_not_block_but_structural_failure_does[correctness-True],PASS,0.007,reporter-tests/audit/tests.xml
audit,3,0,3,tests.test_roadmap_classical,test_headroom_does_not_count_unresolved_or_entirely_infeasible_conditions,PASS,0.000,reporter-tests/audit/tests.xml
audit,4,0,4,tests.test_roadmap_classical,test_unresolved_headroom_log_is_na_not_new_architecture_opportunity,PASS,0.010,reporter-tests/audit/tests.xml
audit,5,0,5,tests.test_roadmap_classical,test_prepared_cache_charges_setup_and_preserves_complete_outputs[etdrk4],PASS,0.015,reporter-tests/audit/tests.xml
audit,6,0,6,tests.test_roadmap_classical,test_prepared_cache_charges_setup_and_preserves_complete_outputs[gl3_fused],PASS,0.012,reporter-tests/audit/tests.xml
audit,7,0,7,tests.test_roadmap_classical,test_prepared_cache_never_reuses_changed_operator_or_geometry,PASS,0.009,reporter-tests/audit/tests.xml
audit,8,0,8,tests.test_roadmap_classical,test_prepared_cache_rejects_invalid_or_differentiable_time[-0.1],PASS,0.000,reporter-tests/audit/tests.xml
audit,9,0,9,tests.test_roadmap_classical,test_prepared_cache_rejects_invalid_or_differentiable_time[nan],PASS,0.000,reporter-tests/audit/tests.xml
audit,10,0,10,tests.test_roadmap_classical,test_prepared_cache_rejects_invalid_or_differentiable_time[h2],PASS,0.000,reporter-tests/audit/tests.xml
audit,11,0,11,tests.test_roadmap_classical,test_prepared_cache_rejects_invalid_or_differentiable_time[h3],PASS,0.000,reporter-tests/audit/tests.xml
audit,12,0,12,tests.test_roadmap_classical,test_scaling_selects_first_metadata_seed_not_checkpoint_id_spelling,PASS,0.000,reporter-tests/audit/tests.xml
audit,13,0,13,tests.test_roadmap_classical,test_accuracy_requires_accepted_finite_nonnegative_reference_uncertainty[False-1e-09],PASS,0.000,reporter-tests/audit/tests.xml
audit,14,0,14,tests.test_roadmap_classical,test_accuracy_requires_accepted_finite_nonnegative_reference_uncertainty[True-nan],PASS,0.000,reporter-tests/audit/tests.xml
audit,15,0,15,tests.test_roadmap_classical,test_accuracy_requires_accepted_finite_nonnegative_reference_uncertainty[True--0.1],PASS,0.000,reporter-tests/audit/tests.xml
audit,16,0,16,tests.test_roadmap_classical,test_scaling_logs_accuracy_where_teacher_exists_and_na_elsewhere[False],PASS,0.004,reporter-tests/audit/tests.xml
audit,17,0,17,tests.test_roadmap_classical,test_scaling_logs_accuracy_where_teacher_exists_and_na_elsewhere[True],PASS,0.003,reporter-tests/audit/tests.xml
audit,18,0,18,tests.test_roadmap_cli,test_required_prerequisite_chain_is_not_optional[values0-headroom],PASS,0.000,reporter-tests/audit/tests.xml
audit,19,0,19,tests.test_roadmap_cli,test_required_prerequisite_chain_is_not_optional[values1-headroom],PASS,0.000,reporter-tests/audit/tests.xml
audit,20,0,20,tests.test_roadmap_cli,test_required_prerequisite_chain_is_not_optional[values2-headroom],PASS,0.000,reporter-tests/audit/tests.xml
audit,21,0,21,tests.test_roadmap_cli,test_required_prerequisite_chain_is_not_optional[values3-headroom],PASS,0.000,reporter-tests/audit/tests.xml
audit,22,0,22,tests.test_roadmap_cli,test_required_prerequisite_chain_is_not_optional[values4-headroom],PASS,0.000,reporter-tests/audit/tests.xml
audit,23,0,23,tests.test_roadmap_cli,test_required_prerequisite_chain_is_not_optional[values5-headroom],PASS,0.000,reporter-tests/audit/tests.xml
audit,24,0,24,tests.test_roadmap_cli,test_final_report_gets_all_stage_paths_even_when_missing,PASS,0.000,reporter-tests/audit/tests.xml
audit,25,0,25,tests.test_roadmap_cli,test_software_identity_permits_new_jobs_but_not_library_or_source_change,PASS,0.000,reporter-tests/audit/tests.xml
audit,26,0,26,tests.test_roadmap_cli,test_local_cli_cannot_run_fresh_full_cohort_or_cuda[extra0-full confirmation],PASS,0.106,reporter-tests/audit/tests.xml
audit,27,0,27,tests.test_roadmap_cli,test_local_cli_cannot_run_fresh_full_cohort_or_cuda[extra1-CPU smoke/development],PASS,0.108,reporter-tests/audit/tests.xml
audit,28,0,28,tests.test_roadmap_cli,test_execution_seal_binds_actual_protocol_source_and_completion,PASS,0.002,reporter-tests/audit/tests.xml
audit,29,0,29,tests.test_roadmap_cli,test_execution_seal_detects_any_bound_file_change[execution.json],PASS,0.002,reporter-tests/audit/tests.xml
audit,30,0,30,tests.test_roadmap_cli,test_execution_seal_detects_any_bound_file_change[protocol.json],PASS,0.001,reporter-tests/audit/tests.xml
audit,31,0,31,tests.test_roadmap_cli,test_execution_seal_detects_any_bound_file_change[stage.json],PASS,0.001,reporter-tests/audit/tests.xml
audit,32,0,32,tests.test_roadmap_cli,test_execution_seal_detects_any_bound_file_change[science_manifest.json],PASS,0.002,reporter-tests/audit/tests.xml
audit,33,0,33,tests.test_roadmap_cli,test_execution_seal_cannot_omit_a_bound_file,PASS,0.001,reporter-tests/audit/tests.xml
audit,34,0,34,tests.test_roadmap_core,test_scalar_checks_keep_nonfinite_failure_distinct_from_missing[1.0-le-2.0-GOOD],PASS,0.000,reporter-tests/audit/tests.xml
audit,35,0,35,tests.test_roadmap_core,test_scalar_checks_keep_nonfinite_failure_distinct_from_missing[1.0-ge-2.0-BAD],PASS,0.000,reporter-tests/audit/tests.xml
audit,36,0,36,tests.test_roadmap_core,test_scalar_checks_keep_nonfinite_failure_distinct_from_missing[True-eq-True-GOOD],PASS,0.000,reporter-tests/audit/tests.xml
audit,37,0,37,tests.test_roadmap_core,test_scalar_checks_keep_nonfinite_failure_distinct_from_missing[2-lt-2-BAD],PASS,0.000,reporter-tests/audit/tests.xml
audit,38,0,38,tests.test_roadmap_core,test_scalar_checks_keep_nonfinite_failure_distinct_from_missing[3-gt-2-GOOD],PASS,0.000,reporter-tests/audit/tests.xml
audit,39,0,39,tests.test_roadmap_core,test_scalar_checks_keep_nonfinite_failure_distinct_from_missing[None-le-2-NA],PASS,0.000,reporter-tests/audit/tests.xml
audit,40,0,40,tests.test_roadmap_core,test_scalar_checks_keep_nonfinite_failure_distinct_from_missing[nan-le-2-BAD0],PASS,0.000,reporter-tests/audit/tests.xml
audit,41,0,41,tests.test_roadmap_core,test_scalar_checks_keep_nonfinite_failure_distinct_from_missing[inf-ge-2-BAD],PASS,0.000,reporter-tests/audit/tests.xml
audit,42,0,42,tests.test_roadmap_core,test_scalar_checks_keep_nonfinite_failure_distinct_from_missing[nan-le-2-BAD1],PASS,0.000,reporter-tests/audit/tests.xml
audit,43,0,43,tests.test_roadmap_core,test_scalar_checks_keep_nonfinite_failure_distinct_from_missing[measured9-le-2-BAD],PASS,0.000,reporter-tests/audit/tests.xml
audit,44,0,44,tests.test_roadmap_core,test_missing_required_evidence_retains_weight_and_cannot_score_good,PASS,0.000,reporter-tests/audit/tests.xml
audit,45,0,45,tests.test_roadmap_core,test_optional_failed_diagnostic_does_not_replace_required_scientific_gate,PASS,0.000,reporter-tests/audit/tests.xml
audit,46,0,46,tests.test_roadmap_core,test_record_supplies_explicit_na_for_missing_gap_or_math,PASS,0.002,reporter-tests/audit/tests.xml
audit,47,0,47,tests.test_roadmap_core,test_live_tower_emission_uses_count_without_inventing_total,PASS,0.006,reporter-tests/audit/tests.xml
audit,48,0,48,tests.test_roadmap_core,test_rows_reconstruct_operand_grades_and_preserve_cost_configuration,PASS,0.002,reporter-tests/audit/tests.xml
audit,49,0,49,tests.test_roadmap_core,test_tampering_or_omitting_a_declared_check_is_rejected[grade],PASS,0.002,reporter-tests/audit/tests.xml
audit,50,0,50,tests.test_roadmap_core,test_tampering_or_omitting_a_declared_check_is_rejected[operand],PASS,0.002,reporter-tests/audit/tests.xml
audit,51,0,51,tests.test_roadmap_core,test_tampering_or_omitting_a_declared_check_is_rejected[metric],PASS,0.002,reporter-tests/audit/tests.xml
audit,52,0,52,tests.test_roadmap_core,test_tampering_or_omitting_a_declared_check_is_rejected[duplicate],PASS,0.002,reporter-tests/audit/tests.xml
audit,53,0,53,tests.test_roadmap_core,test_tampering_or_omitting_a_declared_check_is_rejected[omitted],PASS,0.002,reporter-tests/audit/tests.xml
audit,54,0,54,tests.test_roadmap_core,test_tampering_or_omitting_a_declared_check_is_rejected[math_category],PASS,0.002,reporter-tests/audit/tests.xml
audit,55,0,55,tests.test_roadmap_core,test_nonfinite_value_roundtrip_stays_bad_and_inapplicable_stays_na,PASS,0.001,reporter-tests/audit/tests.xml
audit,56,0,56,tests.test_roadmap_core,test_measure_separates_warmup_and_repeated_complete_calls,PASS,0.001,reporter-tests/audit/tests.xml
audit,57,0,57,tests.test_roadmap_core,test_review_csv_has_every_experiment_and_all_missing_failed_checks,PASS,0.003,reporter-tests/audit/tests.xml
audit,58,0,58,tests.test_roadmap_core,test_nested_measured_cost_remains_visible_in_condensed_csv,PASS,0.002,reporter-tests/audit/tests.xml
audit,59,0,59,tests.test_roadmap_core,test_unknown_mechanism_or_combination_cannot_be_logged,PASS,0.001,reporter-tests/audit/tests.xml
audit,60,0,60,tests.test_roadmap_data,test_real_banks_keep_confirmation_uncreated_and_same_fields_on_grids,PASS,0.108,reporter-tests/audit/tests.xml
audit,61,0,61,tests.test_roadmap_data,test_confirmation_generation_and_loading_require_same_frozen_models,PASS,0.070,reporter-tests/audit/tests.xml
audit,62,0,62,tests.test_roadmap_data,test_confirmation_freeze_check_precedes_any_teacher,PASS,0.005,reporter-tests/audit/tests.xml
audit,63,0,63,tests.test_roadmap_data,test_dataset_tampering_is_rejected_before_tensor_use,PASS,0.108,reporter-tests/audit/tests.xml
audit,64,0,64,tests.test_roadmap_data,test_resealed_parent_parameters_cannot_override_protocol,PASS,0.110,reporter-tests/audit/tests.xml
audit,65,0,65,tests.test_roadmap_data,test_cross_split_phase_cluster_reuse_is_rejected,PASS,0.001,reporter-tests/audit/tests.xml
audit,66,0,66,tests.test_roadmap_data,test_intermediate_horizons_are_explicit_and_endpoint_only_continuum,PASS,0.001,reporter-tests/audit/tests.xml
audit,67,0,67,tests.test_roadmap_data,test_worker_count_respects_allocation_and_eight_core_cap,PASS,0.001,reporter-tests/audit/tests.xml
audit,68,0,68,tests.test_roadmap_data,test_freeze_requires_every_declared_family_seed,PASS,0.005,reporter-tests/audit/tests.xml
audit,69,0,69,tests.test_roadmap_data,test_spawn_worker_transport_and_partial_artifacts,PASS,1.567,reporter-tests/audit/tests.xml
audit,70,0,70,tests.test_roadmap_engine,test_actual_numerical_audit_is_sealed_and_repeat_is_refused,PASS,0.459,reporter-tests/audit/tests.xml
audit,71,0,71,tests.test_roadmap_engine,test_changed_scientific_output_or_completion_marker_is_rejected[review.csv],PASS,0.469,reporter-tests/audit/tests.xml
audit,72,0,72,tests.test_roadmap_engine,test_changed_scientific_output_or_completion_marker_is_rejected[rows.jsonl],PASS,0.460,reporter-tests/audit/tests.xml
audit,73,0,73,tests.test_roadmap_engine,test_changed_scientific_output_or_completion_marker_is_rejected[COMPLETED],PASS,0.464,reporter-tests/audit/tests.xml
audit,74,0,74,tests.test_roadmap_engine,test_unlisted_scientific_artifact_cannot_hide_outside_seal,PASS,0.448,reporter-tests/audit/tests.xml
audit,75,0,75,tests.test_roadmap_engine,test_resealed_row_with_wrong_stage_or_ids_is_rejected,PASS,0.454,reporter-tests/audit/tests.xml
audit,76,0,76,tests.test_roadmap_engine,test_missing_stages_remain_all_29_visible_na_records,PASS,0.013,reporter-tests/audit/tests.xml
audit,77,0,77,tests.test_roadmap_engine,test_partial_report_credits_only_actual_per_mechanism_evidence,PASS,0.475,reporter-tests/audit/tests.xml
audit,78,0,78,tests.test_roadmap_engine,test_worker_rejected_provenance_is_not_credited_even_when_science_hashes_match,PASS,0.461,reporter-tests/audit/tests.xml
audit,79,0,79,tests.test_roadmap_engine,test_present_cli_execution_without_valid_wrapper_seal_is_not_credited,PASS,0.481,reporter-tests/audit/tests.xml
audit,80,0,80,tests.test_roadmap_engine,test_invalid_wrapper_hash_is_not_credited_with_valid_scientific_seal,PASS,0.529,reporter-tests/audit/tests.xml
audit,81,0,81,tests.test_roadmap_engine,test_failure_retains_completed_rows_without_success_marker,PASS,0.006,reporter-tests/audit/tests.xml
audit,82,0,82,tests.test_roadmap_engine,test_missing_prerequisite_and_full_local_confirmation_are_rejected,PASS,0.008,reporter-tests/audit/tests.xml
audit,83,0,83,tests.test_roadmap_engine,test_symlinked_scientific_artifact_is_rejected,PASS,0.446,reporter-tests/audit/tests.xml
audit,84,0,84,tests.test_roadmap_models,test_roadmap_model_arbitrary_weights_physical_correction_nulls[source],PASS,0.006,reporter-tests/audit/tests.xml
audit,85,0,85,tests.test_roadmap_models,test_roadmap_model_arbitrary_weights_physical_correction_nulls[rank1],PASS,0.006,reporter-tests/audit/tests.xml
audit,86,0,86,tests.test_roadmap_models,test_roadmap_model_arbitrary_weights_physical_correction_nulls[rank2],PASS,0.007,reporter-tests/audit/tests.xml
audit,87,0,87,tests.test_roadmap_models,test_roadmap_model_arbitrary_weights_physical_correction_nulls[source_postcompression],PASS,0.005,reporter-tests/audit/tests.xml
audit,88,0,88,tests.test_roadmap_models,test_roadmap_model_arbitrary_weights_physical_correction_nulls[source_trust],PASS,0.005,reporter-tests/audit/tests.xml
audit,89,0,89,tests.test_roadmap_models,test_roadmap_model_arbitrary_weights_physical_correction_nulls[source_consistency],PASS,0.005,reporter-tests/audit/tests.xml
audit,90,0,90,tests.test_roadmap_models,test_roadmap_model_arbitrary_weights_physical_correction_nulls[source_df_loss],PASS,0.004,reporter-tests/audit/tests.xml
audit,91,0,91,tests.test_roadmap_models,test_roadmap_model_arbitrary_weights_physical_correction_nulls[source_df_loss_shared],PASS,0.004,reporter-tests/audit/tests.xml
audit,92,0,92,tests.test_roadmap_models,test_roadmap_model_arbitrary_weights_physical_correction_nulls[source_multiband],PASS,0.006,reporter-tests/audit/tests.xml
audit,93,0,93,tests.test_roadmap_models,test_roadmap_model_arbitrary_weights_physical_correction_nulls[cheap_fno],PASS,0.004,reporter-tests/audit/tests.xml
audit,94,0,94,tests.test_roadmap_models,test_roadmap_model_arbitrary_weights_physical_correction_nulls[deep_fno],PASS,0.008,reporter-tests/audit/tests.xml
audit,95,0,95,tests.test_roadmap_models,test_roadmap_model_arbitrary_weights_physical_correction_nulls[direct_fno],PASS,0.003,reporter-tests/audit/tests.xml
audit,96,0,96,tests.test_roadmap_models,test_roadmap_model_arbitrary_weights_physical_correction_nulls[c1_rank0],PASS,0.006,reporter-tests/audit/tests.xml
audit,97,0,97,tests.test_roadmap_models,test_roadmap_model_arbitrary_weights_physical_correction_nulls[c1_rank1],PASS,0.010,reporter-tests/audit/tests.xml
audit,98,0,98,tests.test_roadmap_models,test_roadmap_model_arbitrary_weights_physical_correction_nulls[c1_rank2],PASS,0.011,reporter-tests/audit/tests.xml
audit,99,0,99,tests.test_roadmap_models,test_roadmap_model_arbitrary_weights_physical_correction_nulls[c2_rank2],PASS,0.013,reporter-tests/audit/tests.xml
audit,100,0,100,tests.test_roadmap_models,test_roadmap_model_arbitrary_weights_physical_correction_nulls[source_embedded],PASS,0.005,reporter-tests/audit/tests.xml
audit,101,0,101,tests.test_roadmap_models,test_roadmap_model_arbitrary_weights_physical_correction_nulls[df_base],PASS,0.002,reporter-tests/audit/tests.xml
audit,102,0,102,tests.test_roadmap_models,test_roadmap_model_arbitrary_weights_physical_correction_nulls[df_quad2],PASS,0.004,reporter-tests/audit/tests.xml
audit,103,0,103,tests.test_roadmap_models,test_roadmap_model_generator_and_live_parameter_gradients[source],PASS,1.159,reporter-tests/audit/tests.xml
audit,104,0,104,tests.test_roadmap_models,test_roadmap_model_generator_and_live_parameter_gradients[rank1],PASS,0.014,reporter-tests/audit/tests.xml
audit,105,0,105,tests.test_roadmap_models,test_roadmap_model_generator_and_live_parameter_gradients[rank2],PASS,0.019,reporter-tests/audit/tests.xml
audit,106,0,106,tests.test_roadmap_models,test_roadmap_model_generator_and_live_parameter_gradients[source_postcompression],PASS,0.005,reporter-tests/audit/tests.xml
audit,107,0,107,tests.test_roadmap_models,test_roadmap_model_generator_and_live_parameter_gradients[source_trust],PASS,0.006,reporter-tests/audit/tests.xml
audit,108,0,108,tests.test_roadmap_models,test_roadmap_model_generator_and_live_parameter_gradients[source_consistency],PASS,0.005,reporter-tests/audit/tests.xml
audit,109,0,109,tests.test_roadmap_models,test_roadmap_model_generator_and_live_parameter_gradients[source_df_loss],PASS,0.005,reporter-tests/audit/tests.xml
audit,110,0,110,tests.test_roadmap_models,test_roadmap_model_generator_and_live_parameter_gradients[source_df_loss_shared],PASS,0.005,reporter-tests/audit/tests.xml
audit,111,0,111,tests.test_roadmap_models,test_roadmap_model_generator_and_live_parameter_gradients[source_multiband],PASS,0.005,reporter-tests/audit/tests.xml
audit,112,0,112,tests.test_roadmap_models,test_roadmap_model_generator_and_live_parameter_gradients[cheap_fno],PASS,0.005,reporter-tests/audit/tests.xml
audit,113,0,113,tests.test_roadmap_models,test_roadmap_model_generator_and_live_parameter_gradients[deep_fno],PASS,0.007,reporter-tests/audit/tests.xml
audit,114,0,114,tests.test_roadmap_models,test_roadmap_model_generator_and_live_parameter_gradients[direct_fno],PASS,0.005,reporter-tests/audit/tests.xml
audit,115,0,115,tests.test_roadmap_models,test_roadmap_model_generator_and_live_parameter_gradients[c1_rank0],PASS,0.012,reporter-tests/audit/tests.xml
audit,116,0,116,tests.test_roadmap_models,test_roadmap_model_generator_and_live_parameter_gradients[c1_rank1],PASS,0.021,reporter-tests/audit/tests.xml
audit,117,0,117,tests.test_roadmap_models,test_roadmap_model_generator_and_live_parameter_gradients[c1_rank2],PASS,0.027,reporter-tests/audit/tests.xml
audit,118,0,118,tests.test_roadmap_models,test_roadmap_model_generator_and_live_parameter_gradients[c2_rank2],PASS,0.028,reporter-tests/audit/tests.xml
audit,119,0,119,tests.test_roadmap_models,test_roadmap_model_generator_and_live_parameter_gradients[source_embedded],PASS,0.009,reporter-tests/audit/tests.xml
audit,120,0,120,tests.test_roadmap_models,test_roadmap_model_generator_and_live_parameter_gradients[df_base],PASS,0.003,reporter-tests/audit/tests.xml
audit,121,0,121,tests.test_roadmap_models,test_roadmap_model_generator_and_live_parameter_gradients[df_quad2],PASS,0.010,reporter-tests/audit/tests.xml
audit,122,0,122,tests.test_roadmap_models,test_symmetric_rank_response_is_quadratic_and_third_order[1],PASS,0.003,reporter-tests/audit/tests.xml
audit,123,0,123,tests.test_roadmap_models,test_symmetric_rank_response_is_quadratic_and_third_order[2],PASS,0.004,reporter-tests/audit/tests.xml
audit,124,0,124,tests.test_roadmap_models,test_fractional_feature_uses_physical_spacing_not_training_grid,PASS,0.001,reporter-tests/audit/tests.xml
audit,125,0,125,tests.test_roadmap_models,test_pure_compression_control_has_no_full_source_bypass,PASS,0.002,reporter-tests/audit/tests.xml
audit,126,0,126,tests.test_roadmap_models,test_trust_uses_active_physical_frequency_and_preserves_low_output_mean,PASS,0.001,reporter-tests/audit/tests.xml
audit,127,0,127,tests.test_roadmap_models,test_c1_and_c2_have_real_combined_response_and_distinct_envelope,PASS,0.005,reporter-tests/audit/tests.xml
audit,128,0,128,tests.test_roadmap_models,test_c1_rank_ablations_share_identical_source_initialization,PASS,0.002,reporter-tests/audit/tests.xml
audit,129,0,129,tests.test_roadmap_models,test_deep_fno_reports_real_nearest_parameter_count_without_compute_claim,PASS,0.001,reporter-tests/audit/tests.xml
audit,130,0,130,tests.test_roadmap_neural,test_training_never_reads_confirmation_and_freezes_every_arm,PASS,0.273,reporter-tests/audit/tests.xml
audit,131,0,131,tests.test_roadmap_neural,test_frozen_checkpoint_corruption_rejected_before_confirmation,PASS,0.087,reporter-tests/audit/tests.xml
audit,132,0,132,tests.test_roadmap_neural,test_confirmation_retains_each_schedule_target_and_unaccepted_teacher_na,PASS,0.135,reporter-tests/audit/tests.xml
audit,133,0,133,tests.test_roadmap_neural,test_train_validation_cluster_overlap_rejected,PASS,0.032,reporter-tests/audit/tests.xml
audit,134,0,134,tests.test_roadmap_neural,test_failed_loss_retains_pre_failure_checkpoint_between_validations,PASS,0.046,reporter-tests/audit/tests.xml
audit,135,0,135,tests.test_roadmap_neural,test_nonfinite_gradient_preserves_initialized_checkpoint,PASS,0.041,reporter-tests/audit/tests.xml
audit,136,0,136,tests.test_roadmap_neural,test_nonfinite_validation_is_recovered_without_promoting_bad_weights,PASS,0.042,reporter-tests/audit/tests.xml
audit,137,0,137,tests.test_roadmap_neural,test_failed_tuning_never_wins_and_all_failed_arm_does_not_stop_others,PASS,0.208,reporter-tests/audit/tests.xml
audit,138,0,138,tests.test_roadmap_neural,test_invalid_initialization_is_retained_as_unavailable_not_a_fake_checkpoint,PASS,0.067,reporter-tests/audit/tests.xml
audit,139,0,139,tests.test_roadmap_neural,test_resource_code_and_interrupt_errors_still_abort[error0],PASS,0.032,reporter-tests/audit/tests.xml
audit,140,0,140,tests.test_roadmap_neural,test_resource_code_and_interrupt_errors_still_abort[error1],PASS,0.034,reporter-tests/audit/tests.xml
audit,141,0,141,tests.test_roadmap_neural,test_resource_code_and_interrupt_errors_still_abort[error2],PASS,0.034,reporter-tests/audit/tests.xml
audit,142,0,142,tests.test_roadmap_neural,test_resource_code_and_interrupt_errors_still_abort[error3],PASS,0.033,reporter-tests/audit/tests.xml
audit,143,0,143,tests.test_roadmap_neural,test_failed_confirmation_case_retained_and_later_models_continue[nan-NONFINITE_PREDICTED_STATE],PASS,0.117,reporter-tests/audit/tests.xml
audit,144,0,144,tests.test_roadmap_neural,test_failed_confirmation_case_retained_and_later_models_continue[1.1-PREDICTED_STATE_OUTSIDE_ADMISSIBLE_INTERVAL],PASS,0.116,reporter-tests/audit/tests.xml
audit,145,0,145,tests.test_roadmap_neural,test_confirmation_resource_and_code_errors_are_not_reclassified[error0],PASS,0.078,reporter-tests/audit/tests.xml
audit,146,0,146,tests.test_roadmap_neural,test_confirmation_resource_and_code_errors_are_not_reclassified[error1],PASS,0.079,reporter-tests/audit/tests.xml
audit,147,0,147,tests.test_roadmap_numerics,test_physical_coefficients_have_exact_nulls[constant],PASS,0.005,reporter-tests/audit/tests.xml
audit,148,0,148,tests.test_roadmap_numerics,test_physical_coefficients_have_exact_nulls[kappa],PASS,0.000,reporter-tests/audit/tests.xml
audit,149,0,149,tests.test_roadmap_numerics,test_physical_coefficients_have_exact_nulls[reaction],PASS,0.000,reporter-tests/audit/tests.xml
audit,150,1,0,tests.test_roadmap_numerics,test_physical_coefficients_have_exact_nulls[time],PASS,0.005,reporter-tests/audit/tests.xml
audit,151,1,1,tests.test_roadmap_numerics,test_quadratic_midpoint_is_zero_but_two_nodes_retain_response,PASS,0.001,reporter-tests/audit/tests.xml
audit,152,1,2,tests.test_roadmap_numerics,test_coefficient_amplitude_hierarchy_matches_independent_coupled_teacher,PASS,0.111,reporter-tests/audit/tests.xml
audit,153,1,3,tests.test_roadmap_numerics,test_quadratic_batched_times_backgrounds_and_learned_nodes_are_differentiable,PASS,0.003,reporter-tests/audit/tests.xml
audit,154,1,4,tests.test_roadmap_numerics,test_differentiable_resampling_matches_independent_scipy_nyquist[grid0-target0],PASS,0.007,reporter-tests/audit/tests.xml
audit,155,1,5,tests.test_roadmap_numerics,test_differentiable_resampling_matches_independent_scipy_nyquist[grid1-target1],PASS,0.000,reporter-tests/audit/tests.xml
audit,156,1,6,tests.test_roadmap_numerics,test_differentiable_resampling_matches_independent_scipy_nyquist[grid2-target2],PASS,0.000,reporter-tests/audit/tests.xml
audit,157,1,7,tests.test_roadmap_numerics,test_differentiable_resampling_matches_independent_scipy_nyquist[grid3-target3],PASS,0.000,reporter-tests/audit/tests.xml
audit,158,1,8,tests.test_roadmap_numerics,test_dealias_product_does_not_fold_high_square_and_supports_autograd,PASS,0.002,reporter-tests/audit/tests.xml
audit,159,1,9,tests.test_roadmap_numerics,test_pure_precompression_preserves_high_high_low_without_bypass,PASS,0.001,reporter-tests/audit/tests.xml
audit,160,1,10,tests.test_roadmap_numerics,test_moment_initial_derivatives_and_binary_inward_flux,PASS,0.008,reporter-tests/audit/tests.xml
audit,161,1,11,tests.test_roadmap_numerics,test_mean_replacement_removes_cubic_zero_mode_exactly_once,PASS,0.014,reporter-tests/audit/tests.xml
audit,162,1,12,tests.test_roadmap_numerics,test_h5_residual_retains_rk4_order_and_embedded_estimator,PASS,0.061,reporter-tests/audit/tests.xml
audit,163,1,13,tests.test_roadmap_numerics,test_exact_df_monotonicity_concavity_and_expansive_growth_are_separate,PASS,0.002,reporter-tests/audit/tests.xml
audit,164,1,14,tests.test_roadmap_numerics,test_invalid_response_horizons_are_rejected[-0.1],PASS,0.000,reporter-tests/audit/tests.xml
audit,165,1,15,tests.test_roadmap_numerics,test_invalid_response_horizons_are_rejected[nan],PASS,0.000,reporter-tests/audit/tests.xml
audit,166,1,16,tests.test_roadmap_numerics,test_invalid_response_horizons_are_rejected[inf],PASS,0.000,reporter-tests/audit/tests.xml
audit,167,1,17,tests.test_roadmap_numerics,test_combined_mean_and_cubic_preserve_commuting_subflows[eq0],PASS,0.001,reporter-tests/audit/tests.xml
audit,168,1,18,tests.test_roadmap_numerics,test_combined_mean_and_cubic_preserve_commuting_subflows[eq1],PASS,0.001,reporter-tests/audit/tests.xml
audit,169,1,19,tests.test_roadmap_numerics,test_constant_endpoints_do_not_form_infinity_times_zero_at_long_h[0.0],PASS,0.001,reporter-tests/audit/tests.xml
audit,170,1,20,tests.test_roadmap_numerics,test_constant_endpoints_do_not_form_infinity_times_zero_at_long_h[1.0],PASS,0.001,reporter-tests/audit/tests.xml
audit,171,1,21,tests.test_roadmap_numerics,test_physical_diagnostics_detect_bounded_but_nonmonotone_map,PASS,0.000,reporter-tests/audit/tests.xml
audit,172,1,22,tests.test_roadmap_numerics,test_equal_moments_do_not_determine_future_moments,PASS,0.022,reporter-tests/audit/tests.xml
audit,173,1,23,tests.test_roadmap_numerics,test_unresolved_teacher_cannot_credit_c3_gaps_or_coefficient_math,PASS,0.430,reporter-tests/audit/tests.xml
audit,174,1,24,tests.test_roadmap_policy,test_finite_conformal_boundary_and_json_safe_na,PASS,0.000,reporter-tests/audit/tests.xml
audit,175,1,25,tests.test_roadmap_policy,test_conformal_refuses_invalid_inputs[values0-0.1],PASS,0.000,reporter-tests/audit/tests.xml
audit,176,1,26,tests.test_roadmap_policy,test_conformal_refuses_invalid_inputs[values1-0.1],PASS,0.000,reporter-tests/audit/tests.xml
audit,177,1,27,tests.test_roadmap_policy,test_conformal_refuses_invalid_inputs[values2-1.0],PASS,0.000,reporter-tests/audit/tests.xml
audit,178,1,28,tests.test_roadmap_policy,test_conformal_refuses_invalid_inputs[values3-0.0],PASS,0.000,reporter-tests/audit/tests.xml
audit,179,1,29,tests.test_roadmap_policy,test_repeated_grids_seeds_are_one_conformal_function,PASS,0.000,reporter-tests/audit/tests.xml
audit,180,1,30,tests.test_roadmap_policy,test_joint_router_score_protects_data_dependent_candidate_selection,PASS,0.000,reporter-tests/audit/tests.xml
audit,181,1,31,tests.test_roadmap_policy,test_calibration_rejects_confirmation_and_empty_bank,PASS,0.000,reporter-tests/audit/tests.xml
audit,182,1,32,tests.test_roadmap_policy,test_calibration_joint_norm_maximum_not_duplicated_count,PASS,0.000,reporter-tests/audit/tests.xml
audit,183,1,33,tests.test_roadmap_policy,test_cohort_contamination_detects_renamed_continuous_field,PASS,0.000,reporter-tests/audit/tests.xml
audit,184,1,34,tests.test_roadmap_policy,test_bootstrap_preserves_pairing_and_does_not_inflate_query_rows,PASS,0.003,reporter-tests/audit/tests.xml
audit,185,1,35,tests.test_roadmap_policy,test_bootstrap_one_field_or_incomplete_cross_is_na,PASS,0.000,reporter-tests/audit/tests.xml
audit,186,1,36,tests.test_roadmap_policy,test_selective_risk_uses_accepted_functions_and_requires_299,PASS,0.001,reporter-tests/audit/tests.xml
audit,187,1,37,tests.test_roadmap_policy,test_selective_risk_aggregates_any_bad_query_and_no_accepts_are_na,PASS,0.000,reporter-tests/audit/tests.xml
audit,188,1,38,tests.test_roadmap_policy,test_cost_tails_can_reverse_a_favorable_median,PASS,0.000,reporter-tests/audit/tests.xml
audit,189,1,39,tests.test_roadmap_policy,test_wrong_generator_semigroup_passes_doubling_but_residual_detects_bias,PASS,0.002,reporter-tests/audit/tests.xml
audit,190,1,40,tests.test_roadmap_policy,test_exact_logistic_flow_residual_is_small,PASS,0.005,reporter-tests/audit/tests.xml
audit,191,1,41,tests.test_roadmap_policy,test_spatial_bias_is_visible_when_temporal_doubling_is_zero,PASS,0.001,reporter-tests/audit/tests.xml
audit,192,1,42,tests.test_roadmap_policy,test_insufficient_conformal_quantile_rejects_before_acceptance,PASS,0.000,reporter-tests/audit/tests.xml
audit,193,1,43,tests.test_roadmap_policy,test_physical_violation_rejects_even_with_tiny_error_indicator,PASS,0.000,reporter-tests/audit/tests.xml
audit,194,1,44,tests.test_roadmap_policy,test_standalone_policy_charges_rejections_and_fallback,PASS,0.005,reporter-tests/audit/tests.xml
audit,195,1,45,tests.test_roadmap_policy,test_formal_na_policy_really_executes_fallback_without_neural_proposal,PASS,0.001,reporter-tests/audit/tests.xml
audit,196,1,46,tests.test_roadmap_policy,test_router_can_skip_expensive_model_without_truth,PASS,0.000,reporter-tests/audit/tests.xml
audit,197,1,47,tests.test_roadmap_policy,test_classical_controller_refines_to_a_target_and_exposes_exhaustion,PASS,0.002,reporter-tests/audit/tests.xml
audit,198,1,48,tests.test_roadmap_policy,test_continuum_fallback_matches_independent_cpu_teacher_with_nyquist[dtype0-grid0],PASS,0.005,reporter-tests/audit/tests.xml
audit,199,1,49,tests.test_roadmap_policy,test_continuum_fallback_matches_independent_cpu_teacher_with_nyquist[dtype0-grid1],PASS,0.004,reporter-tests/audit/tests.xml
audit,200,1,50,tests.test_roadmap_policy,test_continuum_fallback_matches_independent_cpu_teacher_with_nyquist[dtype0-grid2],PASS,0.004,reporter-tests/audit/tests.xml
audit,201,1,51,tests.test_roadmap_policy,test_continuum_fallback_matches_independent_cpu_teacher_with_nyquist[dtype1-grid0],PASS,0.004,reporter-tests/audit/tests.xml
audit,202,1,52,tests.test_roadmap_policy,test_continuum_fallback_matches_independent_cpu_teacher_with_nyquist[dtype1-grid1],PASS,0.004,reporter-tests/audit/tests.xml
audit,203,1,53,tests.test_roadmap_policy,test_continuum_fallback_matches_independent_cpu_teacher_with_nyquist[dtype1-grid2],PASS,0.004,reporter-tests/audit/tests.xml
audit,204,1,54,tests.test_roadmap_policy,test_continuum_fallback_uses_physical_domain_lengths,PASS,0.002,reporter-tests/audit/tests.xml
audit,205,1,55,tests.test_roadmap_policy,test_continuum_fallback_reaction_matches_analytic_constant_flow,PASS,0.008,reporter-tests/audit/tests.xml
audit,206,1,56,tests.test_roadmap_policy,test_continuum_controller_does_not_use_cpu_only_teacher,PASS,0.014,reporter-tests/audit/tests.xml
audit,207,1,57,tests.test_roadmap_policy,test_continuum_fallback_retains_budget_interruptions,PASS,0.006,reporter-tests/audit/tests.xml
audit,208,1,58,tests.test_roadmap_policy,test_finite_conformal_quantile_cannot_approve_distribution_shift,PASS,0.000,reporter-tests/audit/tests.xml
audit,209,1,59,tests.test_roadmap_policy,test_policy_run_seals_before_confirmation_and_validates_each_scored_log[all],PASS,0.184,reporter-tests/audit/tests.xml
audit,210,1,60,tests.test_roadmap_policy,test_policy_run_seals_before_confirmation_and_validates_each_scored_log[none],PASS,0.225,reporter-tests/audit/tests.xml
audit,211,1,61,tests.test_roadmap_policy,test_policy_run_seals_before_confirmation_and_validates_each_scored_log[missing_first_seed],PASS,0.189,reporter-tests/audit/tests.xml
audit,212,1,62,tests.test_roadmap_policy,test_residual_estimator_supports_every_deployed_learned_family[source],PASS,0.012,reporter-tests/audit/tests.xml
audit,213,1,63,tests.test_roadmap_policy,test_residual_estimator_supports_every_deployed_learned_family[rank2],PASS,0.031,reporter-tests/audit/tests.xml
audit,214,1,64,tests.test_roadmap_policy,test_residual_estimator_supports_every_deployed_learned_family[cheap_fno],PASS,0.011,reporter-tests/audit/tests.xml
audit,215,1,65,tests.test_roadmap_policy,test_residual_estimator_supports_every_deployed_learned_family[c2_rank2],PASS,0.048,reporter-tests/audit/tests.xml
audit,216,1,66,tests.test_roadmap_policy,test_amortization_requires_recorded_costs_matched_accuracy_and_positive_savings,PASS,0.000,reporter-tests/audit/tests.xml
audit,217,1,67,tests.test_roadmap_policy,test_reference_error_preserves_sub_float32_difference,PASS,0.000,reporter-tests/audit/tests.xml
audit,218,1,68,tests.test_roadmap_policy,test_reference_metadata_cannot_default_to_perfect_teacher[change0],PASS,0.000,reporter-tests/audit/tests.xml
audit,219,1,69,tests.test_roadmap_policy,test_reference_metadata_cannot_default_to_perfect_teacher[change1],PASS,0.000,reporter-tests/audit/tests.xml
audit,220,1,70,tests.test_roadmap_policy,test_reference_metadata_cannot_default_to_perfect_teacher[change2],PASS,0.000,reporter-tests/audit/tests.xml
audit,221,1,71,tests.test_roadmap_policy,test_reference_metadata_cannot_default_to_perfect_teacher[change3],PASS,0.000,reporter-tests/audit/tests.xml
audit,222,1,72,tests.test_roadmap_policy,test_reference_metadata_cannot_default_to_perfect_teacher[change4],PASS,0.000,reporter-tests/audit/tests.xml
audit,223,1,73,tests.test_roadmap_policy,test_reference_metadata_cannot_default_to_perfect_teacher[change5],PASS,0.000,reporter-tests/audit/tests.xml
audit,224,1,74,tests.test_roadmap_policy,test_reference_metadata_cannot_default_to_perfect_teacher[change6],PASS,0.000,reporter-tests/audit/tests.xml
audit,225,1,75,tests.test_roadmap_policy,test_reference_metadata_cannot_default_to_perfect_teacher[change7],PASS,0.000,reporter-tests/audit/tests.xml
audit,226,1,76,tests.test_roadmap_policy,test_reference_missing_metadata_is_rejected[accepted],PASS,0.000,reporter-tests/audit/tests.xml
audit,227,1,77,tests.test_roadmap_policy,test_reference_missing_metadata_is_rejected[uncertainty_rms],PASS,0.000,reporter-tests/audit/tests.xml
audit,228,1,78,tests.test_roadmap_policy,test_reference_missing_metadata_is_rejected[uncertainty_max_bound],PASS,0.000,reporter-tests/audit/tests.xml
audit,229,1,79,tests.test_roadmap_policy,test_reference_state_dtype_shape_and_finiteness_are_required[state0],PASS,0.000,reporter-tests/audit/tests.xml
audit,230,1,80,tests.test_roadmap_policy,test_reference_state_dtype_shape_and_finiteness_are_required[state1],PASS,0.000,reporter-tests/audit/tests.xml
audit,231,1,81,tests.test_roadmap_policy,test_reference_state_dtype_shape_and_finiteness_are_required[state2],PASS,0.000,reporter-tests/audit/tests.xml
audit,232,1,82,tests.test_roadmap_portability,test_same_continuous_field_resampling_and_independent_clusters,PASS,0.001,reporter-tests/audit/tests.xml
audit,233,1,83,tests.test_roadmap_portability,test_dealiased_product_exposes_folded_low_output[1],PASS,0.001,reporter-tests/audit/tests.xml
audit,234,1,84,tests.test_roadmap_portability,test_dealiased_product_exposes_folded_low_output[2],PASS,0.001,reporter-tests/audit/tests.xml
audit,235,1,85,tests.test_roadmap_portability,test_fractional_physical_units_and_constant_null,PASS,0.001,reporter-tests/audit/tests.xml
audit,236,1,86,tests.test_roadmap_portability,test_anisotropic_tensor_rotation_and_translation_covariance,PASS,0.014,reporter-tests/audit/tests.xml
audit,237,1,87,tests.test_roadmap_portability,test_finite_time_source_physical_nulls[time],PASS,0.000,reporter-tests/audit/tests.xml
audit,238,1,88,tests.test_roadmap_portability,test_finite_time_source_physical_nulls[reaction],PASS,0.000,reporter-tests/audit/tests.xml
audit,239,1,89,tests.test_roadmap_portability,test_finite_time_source_physical_nulls[diffusion],PASS,0.000,reporter-tests/audit/tests.xml
audit,240,1,90,tests.test_roadmap_portability,test_finite_time_source_physical_nulls[constant],PASS,0.001,reporter-tests/audit/tests.xml
audit,241,1,91,tests.test_roadmap_portability,test_quadratic_defect_reduces_small_amplitude_teacher_error,PASS,0.035,reporter-tests/audit/tests.xml
audit,242,1,92,tests.test_roadmap_portability,test_independent_coupled_teacher_and_split_refinement[burgers],PASS,0.031,reporter-tests/audit/tests.xml
audit,243,1,93,tests.test_roadmap_portability,test_independent_coupled_teacher_and_split_refinement[coupled],PASS,0.041,reporter-tests/audit/tests.xml
audit,244,1,94,tests.test_roadmap_portability,test_periodic_burgers_mass_and_energy_and_coupled_feed_balance,PASS,0.003,reporter-tests/audit/tests.xml
audit,245,1,95,tests.test_roadmap_portability,test_linear_advection_diffusion_has_exact_mode_response,PASS,0.000,reporter-tests/audit/tests.xml
audit,246,1,96,tests.test_roadmap_portability,test_nonuniform_geometry_weighted_measure_and_quadrature_convergence,PASS,0.001,reporter-tests/audit/tests.xml
audit,247,1,97,tests.test_roadmap_portability,test_nonperiodic_heat_remeshing_converges_to_analytic_solution,PASS,0.001,reporter-tests/audit/tests.xml
audit,248,1,98,tests.test_roadmap_portability,test_geometry_teacher_corrector_and_boundary_domain,PASS,0.003,reporter-tests/audit/tests.xml
audit,249,1,99,tests.test_roadmap_portability,test_teacher_free_guard_rejects_invalid_correction,PASS,0.000,reporter-tests/audit/tests.xml
audit,250,1,100,tests.test_roadmap_portability,test_reject_invalid_geometry_and_indefinite_diffusion,PASS,0.000,reporter-tests/audit/tests.xml
audit,251,1,101,tests.test_roadmap_protocol,test_all_mechanisms_combinations_and_declared_models_are_frozen[smoke],PASS,0.003,reporter-tests/audit/tests.xml
audit,252,1,102,tests.test_roadmap_protocol,test_all_mechanisms_combinations_and_declared_models_are_frozen[development],PASS,0.004,reporter-tests/audit/tests.xml
audit,253,1,103,tests.test_roadmap_protocol,test_all_mechanisms_combinations_and_declared_models_are_frozen[full],PASS,0.006,reporter-tests/audit/tests.xml
audit,254,1,104,tests.test_roadmap_protocol,test_cohorts_and_profiles_do_not_reuse_independent_field_clusters,PASS,0.004,reporter-tests/audit/tests.xml
audit,255,1,105,tests.test_roadmap_protocol,test_jobs_fit_actual_110000_mib_cpu_and_4090_caps[smoke],PASS,0.001,reporter-tests/audit/tests.xml
audit,256,1,106,tests.test_roadmap_protocol,test_jobs_fit_actual_110000_mib_cpu_and_4090_caps[development],PASS,0.001,reporter-tests/audit/tests.xml
audit,257,1,107,tests.test_roadmap_protocol,test_jobs_fit_actual_110000_mib_cpu_and_4090_caps[full],PASS,0.001,reporter-tests/audit/tests.xml
audit,258,1,108,tests.test_roadmap_protocol,test_gpu_readiness_registry_covers_every_model_without_skipping,PASS,0.001,reporter-tests/audit/tests.xml
audit,259,1,109,tests.test_roadmap_protocol,test_protocol_changes_are_rejected_before_experiment[omit_mechanism],PASS,0.002,reporter-tests/audit/tests.xml
audit,260,1,110,tests.test_roadmap_protocol,test_protocol_changes_are_rejected_before_experiment[raise_memory],PASS,0.002,reporter-tests/audit/tests.xml
audit,261,1,111,tests.test_roadmap_protocol,test_protocol_changes_are_rejected_before_experiment[change_parent],PASS,0.002,reporter-tests/audit/tests.xml
audit,262,1,112,tests.test_roadmap_protocol,test_protocol_changes_are_rejected_before_experiment[alter_target],PASS,0.003,reporter-tests/audit/tests.xml
audit,263,1,113,tests.test_roadmap_protocol,test_protocol_changes_are_rejected_before_experiment[omit_model],PASS,0.002,reporter-tests/audit/tests.xml
audit,264,1,114,tests.test_roadmap_protocol,test_protocol_changes_are_rejected_before_experiment[alter_score],PASS,0.002,reporter-tests/audit/tests.xml
audit,265,1,115,tests.test_roadmap_protocol,test_validation_only_selection_and_trajectory_design_remain_explicit,PASS,0.001,reporter-tests/audit/tests.xml
audit,266,1,116,tests.test_roadmap_protocol,test_continuum_subset_preserves_all_stress_regimes_and_paired_physics,PASS,0.001,reporter-tests/audit/tests.xml
audit,267,1,117,tests.test_roadmap_reporting,test_csv_fast_path_preserves_controls_unicode_formula_safety_and_json_values,PASS,0.000,reporter-tests/audit/tests.xml
audit,268,1,118,tests.test_roadmap_reporting,test_all_experiments_checks_values_and_metric_points_survive_pagination,PASS,4.562,reporter-tests/audit/tests.xml
audit,269,1,119,tests.test_roadmap_reporting,test_invalid_or_partial_evidence_is_visible_and_never_credited[rows],PASS,0.031,reporter-tests/audit/tests.xml
audit,270,1,120,tests.test_roadmap_reporting,test_invalid_or_partial_evidence_is_visible_and_never_credited[count],PASS,0.032,reporter-tests/audit/tests.xml
audit,271,1,121,tests.test_roadmap_reporting,test_invalid_or_partial_evidence_is_visible_and_never_credited[marker],PASS,0.031,reporter-tests/audit/tests.xml
audit,272,1,122,tests.test_roadmap_reporting,test_invalid_or_partial_evidence_is_visible_and_never_credited[score],PASS,0.031,reporter-tests/audit/tests.xml
audit,273,1,123,tests.test_roadmap_reporting,test_invalid_or_partial_evidence_is_visible_and_never_credited[duplicate],PASS,0.033,reporter-tests/audit/tests.xml
audit,274,1,124,tests.test_roadmap_reporting,test_invalid_or_partial_evidence_is_visible_and_never_credited[unsealed],PASS,0.030,reporter-tests/audit/tests.xml
audit,275,1,125,tests.test_roadmap_reporting,test_invalid_or_partial_evidence_is_visible_and_never_credited[wrapper],PASS,0.031,reporter-tests/audit/tests.xml
audit,276,1,126,tests.test_roadmap_reporting,test_invalid_or_partial_evidence_is_visible_and_never_credited[nonfinite],PASS,0.020,reporter-tests/audit/tests.xml
audit,277,1,127,tests.test_roadmap_reporting,test_invalid_or_partial_evidence_is_visible_and_never_credited[stream],PASS,0.030,reporter-tests/audit/tests.xml
audit,278,1,128,tests.test_roadmap_reporting,test_interrupted_stream_only_rows_have_exact_lineage_without_success_claim,PASS,0.028,reporter-tests/audit/tests.xml
audit,279,1,129,tests.test_roadmap_reporting,test_checkpoints_remain_unloaded_declared_artifacts,PASS,0.035,reporter-tests/audit/tests.xml
audit,280,1,130,tests.test_roadmap_reporting,test_wrapper_seal_and_mechanism_summary_have_independent_source_lineage,PASS,0.050,reporter-tests/audit/tests.xml
audit,281,1,131,tests.test_roadmap_reporting,test_page_ceiling_is_an_explicit_omission_with_exact_partial_counts,PASS,0.088,reporter-tests/audit/tests.xml
audit,282,1,132,tests.test_roadmap_reporting,test_republication_is_idempotent_in_logs_and_preserves_failed_rows,PASS,0.041,reporter-tests/audit/tests.xml
audit,283,1,133,tests.test_roadmap_reporting,test_existing_native_validation_command_selects_complete_roadmap_contracts,PASS,0.012,reporter-tests/audit/tests.xml
audit,284,1,134,tests.test_roadmap_reporting,test_full_campaign_serialization_shapes_fit_explicit_reader_and_page_reserves,PASS,0.013,reporter-tests/audit/tests.xml
audit,285,1,135,tests.test_roadmap_reporting,test_native_artifact_reader_can_read_every_exported_page_and_metric_record,SKIP,0.000,reporter-tests/audit/tests.xml
audit,286,1,136,tests.test_roadmap_workflow,test_plan_is_read_only_and_contains_all_allocations[flags0],PASS,0.028,reporter-tests/audit/tests.xml
audit,287,1,137,tests.test_roadmap_workflow,test_plan_is_read_only_and_contains_all_allocations[flags1],PASS,0.025,reporter-tests/audit/tests.xml
audit,288,1,138,tests.test_roadmap_workflow,test_plan_is_read_only_and_contains_all_allocations[flags2],PASS,0.025,reporter-tests/audit/tests.xml
audit,289,1,139,tests.test_roadmap_workflow,test_plan_is_read_only_and_contains_all_allocations[flags3],PASS,0.024,reporter-tests/audit/tests.xml
audit,290,1,140,tests.test_roadmap_workflow,test_entire_chain_is_queued_and_report_runs_after_failed_or_cancelled_stages,PASS,0.069,reporter-tests/audit/tests.xml
audit,291,1,141,tests.test_roadmap_workflow,test_wrong_dependency_semantics_are_rejected[report-afterok:1:2:3:4:5:6:7:8:9],PASS,0.025,reporter-tests/audit/tests.xml
audit,292,1,142,tests.test_roadmap_workflow,test_wrong_dependency_semantics_are_rejected[train-afterany:1:2:3],PASS,0.024,reporter-tests/audit/tests.xml
audit,293,1,143,tests.test_roadmap_workflow,test_wrong_dependency_semantics_are_rejected[audit-afterok:1],PASS,0.024,reporter-tests/audit/tests.xml
audit,294,1,144,tests.test_roadmap_workflow,test_wrong_dependency_semantics_are_rejected[train-afterok:1:1:2],PASS,0.024,reporter-tests/audit/tests.xml
audit,295,1,145,tests.test_roadmap_workflow,test_wrong_dependency_semantics_are_rejected[train-afterok:1:2],PASS,0.025,reporter-tests/audit/tests.xml
audit,296,1,146,tests.test_roadmap_workflow,test_capacity_failure_happens_before_any_submission[system|2|110000|gpu:1],PASS,0.025,reporter-tests/audit/tests.xml
audit,297,1,147,tests.test_roadmap_workflow,test_capacity_failure_happens_before_any_submission[system|16|30000|gpu:1],PASS,0.026,reporter-tests/audit/tests.xml
audit,298,1,148,tests.test_roadmap_workflow,test_capacity_failure_happens_before_any_submission[system|16|110000|(null)],PASS,0.025,reporter-tests/audit/tests.xml
audit,299,1,149,tests.test_roadmap_workflow,test_partial_submission_is_preserved_without_retry_or_cancellation,PASS,0.050,reporter-tests/audit/tests.xml
audit,300,2,0,tests.test_roadmap_workflow,test_fixed_hardware_bounds_are_enforced[cpus-9],PASS,0.021,reporter-tests/audit/tests.xml
audit,301,2,1,tests.test_roadmap_workflow,test_fixed_hardware_bounds_are_enforced[mem_gib-64],PASS,0.021,reporter-tests/audit/tests.xml
audit,302,2,2,tests.test_roadmap_workflow,test_fixed_hardware_bounds_are_enforced[walltime-00:46:00],PASS,0.020,reporter-tests/audit/tests.xml
audit,303,2,3,tests.test_roadmap_workflow,test_fixed_hardware_bounds_are_enforced[walltime-00:60:00],PASS,0.020,reporter-tests/audit/tests.xml
audit,304,2,4,tests.test_roadmap_workflow,test_gpu_cpu_budget_and_environment_cleaning,PASS,0.021,reporter-tests/audit/tests.xml
audit,305,2,5,tests.test_roadmap_workflow,test_worker_commands_execute_full_cuda_suite_on_every_gpu_stage,PASS,0.027,reporter-tests/audit/tests.xml
audit,306,2,6,tests.test_roadmap_workflow,test_frozen_protocol_and_source_are_checked_before_execution,PASS,0.035,reporter-tests/audit/tests.xml
audit,307,2,7,tests.test_roadmap_workflow,test_shell_uses_project_venv_without_activation[status],PASS,0.004,reporter-tests/audit/tests.xml
audit,308,2,8,tests.test_roadmap_workflow,test_shell_uses_project_venv_without_activation[validate],PASS,0.004,reporter-tests/audit/tests.xml
audit,309,2,9,tests.test_roadmap_workflow,test_shell_uses_project_venv_without_activation[run],PASS,0.004,reporter-tests/audit/tests.xml
audit,310,2,10,tests.test_roadmap_workflow,test_shell_uses_project_venv_without_activation[plan],PASS,0.004,reporter-tests/audit/tests.xml
audit,311,2,11,tests.test_roadmap_workflow,test_shell_uses_project_venv_without_activation[logs],PASS,0.004,reporter-tests/audit/tests.xml
audit,312,2,12,tests.test_roadmap_workflow,test_shell_uses_project_venv_without_activation[paths],PASS,0.003,reporter-tests/audit/tests.xml
audit,313,2,13,tests.test_roadmap_workflow,test_shell_uses_project_venv_without_activation[collect],PASS,0.004,reporter-tests/audit/tests.xml
audit,314,2,14,tests.test_roadmap_workflow,test_shell_keeps_explicit_python_override_and_pre_setup_planning[False],PASS,0.003,reporter-tests/audit/tests.xml
audit,315,2,15,tests.test_roadmap_workflow,test_shell_keeps_explicit_python_override_and_pre_setup_planning[True],PASS,0.004,reporter-tests/audit/tests.xml
audit,316,2,16,tests.test_roadmap_workflow,test_actual_allocation_must_match_frozen_resources_and_identity[Partition-wrong],PASS,0.032,reporter-tests/audit/tests.xml
audit,317,2,17,tests.test_roadmap_workflow,test_actual_allocation_must_match_frozen_resources_and_identity[WorkDir-/elsewhere],PASS,0.031,reporter-tests/audit/tests.xml
audit,318,2,18,tests.test_roadmap_workflow,test_actual_allocation_must_match_frozen_resources_and_identity[JobName-other],PASS,0.031,reporter-tests/audit/tests.xml
audit,319,2,19,tests.test_roadmap_workflow,test_actual_allocation_must_match_frozen_resources_and_identity[TimeLimit-00:45:00],PASS,0.031,reporter-tests/audit/tests.xml
audit,320,2,20,tests.test_roadmap_workflow,"test_actual_allocation_must_match_frozen_resources_and_identity[AllocTRES-cpu=4,mem=32G]",PASS,0.032,reporter-tests/audit/tests.xml
audit,321,2,21,tests.test_roadmap_workflow,test_actual_allocation_must_match_frozen_resources_and_identity[UserId-nobody(1)],PASS,0.033,reporter-tests/audit/tests.xml
audit,322,2,22,tests.test_roadmap_workflow,test_report_backend_does_not_require_successful_predecessors,PASS,0.025,reporter-tests/audit/tests.xml
audit,323,2,23,tests.test_roadmap_workflow,test_worker_startup_allocation_failure_is_visible_to_aggregation,PASS,0.032,reporter-tests/audit/tests.xml
audit,324,2,24,tests.test_roadmap_workflow,test_collection_is_lossless_has_small_hashed_parts_and_excludes_test_scratch,PASS,0.043,reporter-tests/audit/tests.xml
audit,325,2,25,tests.test_roadmap_workflow,test_collection_refuses_symlinks,PASS,0.034,reporter-tests/audit/tests.xml
audit,326,2,26,tests.test_roadmap_workflow,test_accounting_queries_only_frozen_jobs_and_keeps_allocation_and_steps_distinct,PASS,0.036,reporter-tests/audit/tests.xml
audit,327,2,27,tests.test_roadmap_workflow,test_accounting_malformed_or_unowned_records_never_become_usage_totals[999|COMPLETED|0:0|1|1|cpu=1||1\n],PASS,0.035,reporter-tests/audit/tests.xml
audit,328,2,28,tests.test_roadmap_workflow,test_accounting_malformed_or_unowned_records_never_become_usage_totals[101|too|few\n],PASS,0.035,reporter-tests/audit/tests.xml
audit,329,2,29,tests.test_roadmap_workflow,test_accounting_malformed_or_unowned_records_never_become_usage_totals[101|COMPLETED|0:0|1|1|cpu=1||1\n101|COMPLETED|0:0|1|1|cpu=1||1\n],PASS,0.035,reporter-tests/audit/tests.xml
audit,330,2,30,tests.test_roadmap_workflow,test_accounting_malformed_or_unowned_records_never_become_usage_totals[101|COMPLETED|0:0|wrong|1|cpu=1||1\n],PASS,0.034,reporter-tests/audit/tests.xml
audit,331,2,31,tests.test_roadmap_workflow,test_unavailable_accounting_is_explicit_and_does_not_block_archive,PASS,0.042,reporter-tests/audit/tests.xml
audit,332,2,32,tests.test_roadmap_workflow,test_accounting_query_can_be_explicitly_disabled,PASS,0.040,reporter-tests/audit/tests.xml
audit,333,2,33,tests.test_roadmap_workflow,test_validation_reports_all_missing_stages_without_claiming_success,PASS,0.032,reporter-tests/audit/tests.xml
audit,334,2,34,tests.test_roadmap_workflow,test_gpu_validator_requires_exact_declared_testcase_identities,PASS,0.025,reporter-tests/audit/tests.xml
audit,335,2,35,tests.test_roadmap_workflow,test_gpu_validator_never_accepts_skipped_failed_or_errored_evidence[skipped],PASS,0.023,reporter-tests/audit/tests.xml
audit,336,2,36,tests.test_roadmap_workflow,test_gpu_validator_never_accepts_skipped_failed_or_errored_evidence[error],PASS,0.022,reporter-tests/audit/tests.xml
audit,337,2,37,tests.test_roadmap_workflow,test_gpu_validator_never_accepts_skipped_failed_or_errored_evidence[failure],PASS,0.021,reporter-tests/audit/tests.xml
audit,338,2,38,tests.test_roadmap_workflow,test_shell_syntax[fedora_roadmap.sh],PASS,0.001,reporter-tests/audit/tests.xml
audit,339,2,39,tests.test_roadmap_workflow,test_shell_syntax[roadmap_worker.sh],PASS,0.001,reporter-tests/audit/tests.xml
audit,340,2,40,tests.test_roadmap_workflow,test_shell_syntax[roadmap_local.sh],PASS,0.001,reporter-tests/audit/tests.xml
audit,341,2,41,tests.test_desktop_slurm_runtime,test_profile_loading_and_mode_are_explicit,PASS,0.001,reporter-tests/audit/tests.xml
audit,342,2,42,tests.test_desktop_slurm_runtime,test_malformed_profiles_fail_closed[schema_version-True],PASS,0.001,reporter-tests/audit/tests.xml
audit,343,2,43,tests.test_desktop_slurm_runtime,test_malformed_profiles_fail_closed[schema_version-2],PASS,0.001,reporter-tests/audit/tests.xml
audit,344,2,44,tests.test_desktop_slurm_runtime,test_malformed_profiles_fail_closed[kind-desktop],PASS,0.001,reporter-tests/audit/tests.xml
audit,345,2,45,tests.test_desktop_slurm_runtime,test_malformed_profiles_fail_closed[user-other],PASS,0.001,reporter-tests/audit/tests.xml
audit,346,2,46,tests.test_desktop_slurm_runtime,test_malformed_profiles_fail_closed[root-/home/somewhere-else],PASS,0.001,reporter-tests/audit/tests.xml
audit,347,2,47,tests.test_desktop_slurm_runtime,test_malformed_profiles_fail_closed[root-.],PASS,0.001,reporter-tests/audit/tests.xml
audit,348,2,48,tests.test_desktop_slurm_runtime,"test_malformed_profiles_fail_closed[cpu_partition-local,other]",PASS,0.001,reporter-tests/audit/tests.xml
audit,349,2,49,tests.test_desktop_slurm_runtime,test_malformed_profiles_fail_closed[gpu_partition---bad],PASS,0.001,reporter-tests/audit/tests.xml
audit,350,2,50,tests.test_desktop_slurm_runtime,test_malformed_profiles_fail_closed[account-],PASS,0.001,reporter-tests/audit/tests.xml
audit,351,2,51,tests.test_desktop_slurm_runtime,test_malformed_profiles_fail_closed[account-one two],PASS,0.001,reporter-tests/audit/tests.xml
audit,352,2,52,tests.test_desktop_slurm_runtime,test_malformed_profiles_fail_closed[gpu_gres-gpu:2],PASS,0.001,reporter-tests/audit/tests.xml
audit,353,2,53,tests.test_desktop_slurm_runtime,test_malformed_profiles_fail_closed[gpu_gres-gpu:rtx4090:0],PASS,0.001,reporter-tests/audit/tests.xml
audit,354,2,54,tests.test_desktop_slurm_runtime,test_malformed_profiles_fail_closed[expected_gpu_name-None],PASS,0.002,reporter-tests/audit/tests.xml
audit,355,2,55,tests.test_desktop_slurm_runtime,test_malformed_profiles_fail_closed[expected_gpu_name-],PASS,0.001,reporter-tests/audit/tests.xml
audit,356,2,56,tests.test_desktop_slurm_runtime,test_malformed_profiles_fail_closed[gpu_vram_gib-True],PASS,0.001,reporter-tests/audit/tests.xml
audit,357,2,57,tests.test_desktop_slurm_runtime,test_malformed_profiles_fail_closed[gpu_vram_gib-nan],PASS,0.001,reporter-tests/audit/tests.xml
audit,358,2,58,tests.test_desktop_slurm_runtime,test_malformed_profiles_fail_closed[gpu_vram_gib-0],PASS,0.001,reporter-tests/audit/tests.xml
audit,359,2,59,tests.test_desktop_slurm_runtime,test_malformed_profiles_fail_closed[torch_version-latest],PASS,0.001,reporter-tests/audit/tests.xml
audit,360,2,60,tests.test_desktop_slurm_runtime,test_malformed_profiles_fail_closed[torch_version-2.10.0+cpu],PASS,0.001,reporter-tests/audit/tests.xml
audit,361,2,61,tests.test_desktop_slurm_runtime,test_malformed_profiles_fail_closed[torch_version-2.10.0],PASS,0.001,reporter-tests/audit/tests.xml
audit,362,2,62,tests.test_desktop_slurm_runtime,test_malformed_profiles_fail_closed[torch_version-2.10.0+cu128],PASS,0.001,reporter-tests/audit/tests.xml
audit,363,2,63,tests.test_desktop_slurm_runtime,test_malformed_profiles_fail_closed[torch_wheel_index-https://download.pytorch.org/whl/cpu],PASS,0.001,reporter-tests/audit/tests.xml
audit,364,2,64,tests.test_desktop_slurm_runtime,test_malformed_profiles_fail_closed[torch_wheel_index-https://example.com/cu126],PASS,0.001,reporter-tests/audit/tests.xml
audit,365,2,65,tests.test_desktop_slurm_runtime,test_malformed_profiles_fail_closed[python-python3],PASS,0.001,reporter-tests/audit/tests.xml
audit,366,2,66,tests.test_desktop_slurm_runtime,test_malformed_profiles_fail_closed[unexpected-1],PASS,0.001,reporter-tests/audit/tests.xml
audit,367,2,67,tests.test_desktop_slurm_runtime,test_alternative_contained_profile_and_symlink_escape,PASS,0.001,reporter-tests/audit/tests.xml
audit,368,2,68,tests.test_desktop_slurm_runtime,test_duplicate_profile_fields_rejected,PASS,0.001,reporter-tests/audit/tests.xml
audit,369,2,69,tests.test_desktop_slurm_runtime,test_profile_import_has_no_torch_requirement,PASS,0.092,reporter-tests/audit/tests.xml
audit,370,2,70,tests.test_desktop_slurm_runtime,test_cpu_runtime_reads_actual_job_and_step_without_cuda,PASS,0.002,reporter-tests/audit/tests.xml
audit,371,2,71,tests.test_desktop_slurm_runtime,test_allocation_accepts_slurm_allocnode_sid_field[cpu],PASS,0.001,reporter-tests/audit/tests.xml
audit,372,2,72,tests.test_desktop_slurm_runtime,test_allocation_accepts_slurm_allocnode_sid_field[cuda],PASS,0.001,reporter-tests/audit/tests.xml
audit,373,2,73,tests.test_desktop_slurm_runtime,test_numeric_slurm_step_owner_is_checked_by_actual_uid,PASS,0.002,reporter-tests/audit/tests.xml
audit,374,2,74,tests.test_desktop_slurm_runtime,test_login_config_validation_does_not_run_compute,PASS,0.001,reporter-tests/audit/tests.xml
audit,375,2,75,tests.test_desktop_slurm_runtime,test_invented_or_batch_step_flags_do_not_authorize_compute[-],PASS,0.001,reporter-tests/audit/tests.xml
audit,376,2,76,tests.test_desktop_slurm_runtime,test_invented_or_batch_step_flags_do_not_authorize_compute[123-batch],PASS,0.001,reporter-tests/audit/tests.xml
audit,377,2,77,tests.test_desktop_slurm_runtime,test_invented_or_batch_step_flags_do_not_authorize_compute[123-extern],PASS,0.001,reporter-tests/audit/tests.xml
audit,378,2,78,tests.test_desktop_slurm_runtime,test_invented_or_batch_step_flags_do_not_authorize_compute[123;bad-0],PASS,0.001,reporter-tests/audit/tests.xml
audit,379,2,79,tests.test_desktop_slurm_runtime,test_runtime_rejects_mismatched_scheduler_evidence[job-JobId-456],PASS,0.001,reporter-tests/audit/tests.xml
audit,380,2,80,tests.test_desktop_slurm_runtime,test_runtime_rejects_mismatched_scheduler_evidence[job-JobState-PENDING],PASS,0.001,reporter-tests/audit/tests.xml
audit,381,2,81,tests.test_desktop_slurm_runtime,test_runtime_rejects_mismatched_scheduler_evidence[job-UserId-desktop_user(9999)],PASS,0.001,reporter-tests/audit/tests.xml
audit,382,2,82,tests.test_desktop_slurm_runtime,test_runtime_rejects_mismatched_scheduler_evidence[job-UserId-other(1000)],PASS,0.001,reporter-tests/audit/tests.xml
audit,383,2,83,tests.test_desktop_slurm_runtime,test_runtime_rejects_mismatched_scheduler_evidence[job-Partition-other],PASS,0.001,reporter-tests/audit/tests.xml
audit,384,2,84,tests.test_desktop_slurm_runtime,test_runtime_rejects_mismatched_scheduler_evidence[job-WorkDir-/home/somewhere-else],PASS,0.001,reporter-tests/audit/tests.xml
audit,385,2,85,tests.test_desktop_slurm_runtime,test_runtime_rejects_mismatched_scheduler_evidence[job-NumNodes-2],PASS,0.001,reporter-tests/audit/tests.xml
audit,386,2,86,tests.test_desktop_slurm_runtime,test_runtime_rejects_mismatched_scheduler_evidence[step-Nodes-2],PASS,0.001,reporter-tests/audit/tests.xml
audit,387,2,87,tests.test_desktop_slurm_runtime,test_runtime_rejects_mismatched_scheduler_evidence[step-Tasks-2],PASS,0.001,reporter-tests/audit/tests.xml
audit,388,2,88,tests.test_desktop_slurm_runtime,test_runtime_rejects_mismatched_scheduler_evidence[step-StepId-123.batch],PASS,0.001,reporter-tests/audit/tests.xml
audit,389,2,89,tests.test_desktop_slurm_runtime,test_runtime_rejects_mismatched_scheduler_evidence[step-State-COMPLETED],PASS,0.001,reporter-tests/audit/tests.xml
audit,390,2,90,tests.test_desktop_slurm_runtime,test_runtime_rejects_mismatched_scheduler_evidence[step-UserId-other(1000)],PASS,0.001,reporter-tests/audit/tests.xml
audit,391,2,91,tests.test_desktop_slurm_runtime,test_runtime_rejects_mismatched_scheduler_evidence[step-Partition-other],PASS,0.001,reporter-tests/audit/tests.xml
audit,392,2,92,tests.test_desktop_slurm_runtime,test_configured_account_must_match_scheduler,PASS,0.001,reporter-tests/audit/tests.xml
audit,393,2,93,tests.test_desktop_slurm_runtime,test_unverifiable_scheduler_is_not_authorization[unavailable],PASS,0.001,reporter-tests/audit/tests.xml
audit,394,2,94,tests.test_desktop_slurm_runtime,test_unverifiable_scheduler_is_not_authorization[timeout],PASS,0.001,reporter-tests/audit/tests.xml
audit,395,2,95,tests.test_desktop_slurm_runtime,test_unverifiable_scheduler_is_not_authorization[returncode],PASS,0.001,reporter-tests/audit/tests.xml
audit,396,2,96,tests.test_desktop_slurm_runtime,test_gpu_runtime_requires_actual_one_gpu_allocation_and_visible_gpu,PASS,0.001,reporter-tests/audit/tests.xml
audit,397,2,97,tests.test_desktop_slurm_runtime,test_busy_display_gpu_hard_limit_stops_before_computation,PASS,0.001,reporter-tests/audit/tests.xml
audit,398,2,98,tests.test_desktop_slurm_runtime,"test_gpu_task_must_have_one_scheduler_assigned_gpu[AllocTRES-cpu=4,gres/gpu=2]",PASS,0.001,reporter-tests/audit/tests.xml
audit,399,2,99,tests.test_desktop_slurm_runtime,test_gpu_task_must_have_one_scheduler_assigned_gpu[AllocTRES-cpu=4],PASS,0.001,reporter-tests/audit/tests.xml
audit,400,2,100,tests.test_desktop_slurm_runtime,"test_gpu_task_must_have_one_scheduler_assigned_gpu[TRES-cpu=4,gres/gpu=0]",PASS,0.001,reporter-tests/audit/tests.xml
audit,401,2,101,tests.test_desktop_slurm_runtime,test_gpu_task_must_have_one_scheduler_assigned_gpu[TRES-cpu=4],PASS,0.001,reporter-tests/audit/tests.xml
audit,402,2,102,tests.test_desktop_slurm_runtime,test_slurm_gpu_evidence_formats[record0-True],PASS,0.000,reporter-tests/audit/tests.xml
audit,403,2,103,tests.test_desktop_slurm_runtime,test_slurm_gpu_evidence_formats[record1-True],PASS,0.000,reporter-tests/audit/tests.xml
audit,404,2,104,tests.test_desktop_slurm_runtime,test_slurm_gpu_evidence_formats[record2-True],PASS,0.000,reporter-tests/audit/tests.xml
audit,405,2,105,tests.test_desktop_slurm_runtime,test_slurm_gpu_evidence_formats[record3-False],PASS,0.000,reporter-tests/audit/tests.xml
audit,406,2,106,tests.test_desktop_slurm_runtime,test_slurm_gpu_evidence_formats[record4-False],PASS,0.000,reporter-tests/audit/tests.xml
audit,407,2,107,tests.test_desktop_slurm_runtime,test_incompatible_gpu_or_wheel_rejected[unavailable],PASS,0.001,reporter-tests/audit/tests.xml
audit,408,2,108,tests.test_desktop_slurm_runtime,test_incompatible_gpu_or_wheel_rejected[multiple],PASS,0.001,reporter-tests/audit/tests.xml
audit,409,2,109,tests.test_desktop_slurm_runtime,test_incompatible_gpu_or_wheel_rejected[name],PASS,0.001,reporter-tests/audit/tests.xml
audit,410,2,110,tests.test_desktop_slurm_runtime,test_incompatible_gpu_or_wheel_rejected[vram],PASS,0.001,reporter-tests/audit/tests.xml
audit,411,2,111,tests.test_desktop_slurm_runtime,test_incompatible_gpu_or_wheel_rejected[version],PASS,0.001,reporter-tests/audit/tests.xml
audit,412,2,112,tests.test_desktop_slurm_runtime,test_incompatible_gpu_or_wheel_rejected[cuda-runtime],PASS,0.001,reporter-tests/audit/tests.xml
audit,413,2,113,tests.test_desktop_slurm_runtime,test_incompatible_gpu_or_wheel_rejected[memory],PASS,0.001,reporter-tests/audit/tests.xml
audit,414,2,114,tests.test_desktop_slurm_runtime,test_standalone_project_venv_remains_required,PASS,0.001,reporter-tests/audit/tests.xml
audit,415,2,115,tests.test_desktop_slurm_runtime,test_new_mode_cannot_relax_carc_or_implicit_local_policy,PASS,0.001,reporter-tests/audit/tests.xml
audit,416,2,116,tests.test_fedora_workflow,test_plan_is_read_only_and_desktop_bounded[flags0],PASS,0.021,reporter-tests/audit/tests.xml
audit,417,2,117,tests.test_fedora_workflow,test_plan_is_read_only_and_desktop_bounded[flags1],PASS,0.019,reporter-tests/audit/tests.xml
audit,418,2,118,tests.test_fedora_workflow,test_explicit_account_only,PASS,0.019,reporter-tests/audit/tests.xml
audit,419,2,119,tests.test_fedora_workflow,test_run_freezes_profile_and_submits_serial_cpu_dag,PASS,0.044,reporter-tests/audit/tests.xml
audit,420,2,120,tests.test_fedora_workflow,test_partial_submission_is_preserved_without_neural_or_retry,PASS,0.037,reporter-tests/audit/tests.xml
audit,421,2,121,tests.test_fedora_workflow,test_submission_drops_ambient_scheduler_defaults,PASS,0.040,reporter-tests/audit/tests.xml
audit,422,2,122,tests.test_fedora_workflow,test_dependency_contract[accuracy-afterok:1],PASS,0.020,reporter-tests/audit/tests.xml
audit,423,2,123,tests.test_fedora_workflow,test_dependency_contract[scaling-afterok:1:2],PASS,0.020,reporter-tests/audit/tests.xml
audit,424,2,124,tests.test_fedora_workflow,test_dependency_contract[neural-afterok:1:1:2],PASS,0.019,reporter-tests/audit/tests.xml
audit,425,2,125,tests.test_fedora_workflow,test_dependency_contract[neural-afterany:1:2:3],PASS,0.019,reporter-tests/audit/tests.xml
audit,426,2,126,tests.test_fedora_workflow,test_submission_rejects_ambient_bypass[env0],PASS,0.020,reporter-tests/audit/tests.xml
audit,427,2,127,tests.test_fedora_workflow,test_submission_rejects_ambient_bypass[env1],PASS,0.020,reporter-tests/audit/tests.xml
audit,428,2,128,tests.test_fedora_workflow,test_submission_rejects_ambient_bypass[env2],PASS,0.020,reporter-tests/audit/tests.xml
audit,429,2,129,tests.test_fedora_workflow,test_submission_rejects_ambient_bypass[env3],PASS,0.020,reporter-tests/audit/tests.xml
audit,430,2,130,tests.test_fedora_workflow,test_changed_frozen_profile_blocks_execution,PASS,0.027,reporter-tests/audit/tests.xml
audit,431,2,131,tests.test_fedora_workflow,test_changed_source_blocks_execution,PASS,0.026,reporter-tests/audit/tests.xml
audit,432,2,132,tests.test_fedora_workflow,test_stage_seal_accepts_only_desktop_profile[accuracy],PASS,0.031,reporter-tests/audit/tests.xml
audit,433,2,133,tests.test_fedora_workflow,test_stage_seal_accepts_only_desktop_profile[scaling],PASS,0.031,reporter-tests/audit/tests.xml
audit,434,2,134,tests.test_fedora_workflow,test_stage_seal_accepts_only_desktop_profile[prepare],PASS,0.032,reporter-tests/audit/tests.xml
audit,435,2,135,tests.test_fedora_workflow,test_stage_seal_accepts_only_desktop_profile[neural],PASS,0.031,reporter-tests/audit/tests.xml
audit,436,2,136,tests.test_fedora_workflow,test_stage_seal_rejects_other_environment[changes0],PASS,0.029,reporter-tests/audit/tests.xml
audit,437,2,137,tests.test_fedora_workflow,test_stage_seal_rejects_other_environment[changes1],PASS,0.029,reporter-tests/audit/tests.xml
audit,438,2,138,tests.test_fedora_workflow,test_worker_commands_use_desktop_preflight_and_real_gpu_tests,PASS,0.019,reporter-tests/audit/tests.xml
audit,439,2,139,tests.test_fedora_workflow,test_unit_tests_do_not_inherit_production_mode_but_gpu_tests_do,PASS,0.016,reporter-tests/audit/tests.xml
audit,440,2,140,tests.test_fedora_workflow,test_allocation_checks_job_profile_comment_and_workdir,PASS,0.025,reporter-tests/audit/tests.xml
audit,441,2,141,tests.test_fedora_workflow,test_allocation_verifies_native_job_and_step_fields[accuracy],PASS,0.024,reporter-tests/audit/tests.xml
audit,442,2,142,tests.test_fedora_workflow,test_allocation_verifies_native_job_and_step_fields[neural],PASS,0.025,reporter-tests/audit/tests.xml
audit,443,2,143,tests.test_fedora_workflow,test_actual_tower_boundary_accepts_frozen_workflow_sidecar[accuracy],PASS,0.066,reporter-tests/audit/tests.xml
audit,444,2,144,tests.test_fedora_workflow,test_actual_tower_boundary_accepts_frozen_workflow_sidecar[scaling],PASS,0.062,reporter-tests/audit/tests.xml
audit,445,2,145,tests.test_fedora_workflow,test_actual_tower_boundary_accepts_frozen_workflow_sidecar[prepare],PASS,0.063,reporter-tests/audit/tests.xml
audit,446,2,146,tests.test_fedora_workflow,test_actual_tower_boundary_accepts_frozen_workflow_sidecar[neural],PASS,0.060,reporter-tests/audit/tests.xml
audit,447,2,147,tests.test_fedora_workflow,test_actual_tower_startup_failure_is_visible,PASS,0.050,reporter-tests/audit/tests.xml
audit,448,2,148,tests.test_fedora_workflow,test_shell_syntax[fedora_slurm.sh],PASS,0.001,reporter-tests/audit/tests.xml
audit,449,2,149,tests.test_fedora_workflow,test_shell_syntax[fedora_slurm_worker.sh],PASS,0.002,reporter-tests/audit/tests.xml
train,0,0,0,tests.test_roadmap_gpu,test_roadmap_cuda_model_limits[source],PASS,0.379,reporter-tests/train/tests.xml
train,1,0,1,tests.test_roadmap_gpu,test_roadmap_cuda_model_limits[rank1],PASS,0.037,reporter-tests/train/tests.xml
train,2,0,2,tests.test_roadmap_gpu,test_roadmap_cuda_model_limits[rank2],PASS,0.016,reporter-tests/train/tests.xml
train,3,0,3,tests.test_roadmap_gpu,test_roadmap_cuda_model_limits[source_postcompression],PASS,0.013,reporter-tests/train/tests.xml
train,4,0,4,tests.test_roadmap_gpu,test_roadmap_cuda_model_limits[source_trust],PASS,0.013,reporter-tests/train/tests.xml
train,5,0,5,tests.test_roadmap_gpu,test_roadmap_cuda_model_limits[source_consistency],PASS,0.012,reporter-tests/train/tests.xml
train,6,0,6,tests.test_roadmap_gpu,test_roadmap_cuda_model_limits[source_df_loss],PASS,0.011,reporter-tests/train/tests.xml
train,7,0,7,tests.test_roadmap_gpu,test_roadmap_cuda_model_limits[source_df_loss_shared],PASS,0.012,reporter-tests/train/tests.xml
train,8,0,8,tests.test_roadmap_gpu,test_roadmap_cuda_model_limits[source_multiband],PASS,0.014,reporter-tests/train/tests.xml
train,9,0,9,tests.test_roadmap_gpu,test_roadmap_cuda_model_limits[cheap_fno],PASS,0.012,reporter-tests/train/tests.xml
train,10,0,10,tests.test_roadmap_gpu,test_roadmap_cuda_model_limits[deep_fno],PASS,0.020,reporter-tests/train/tests.xml
train,11,0,11,tests.test_roadmap_gpu,test_roadmap_cuda_model_limits[direct_fno],PASS,0.012,reporter-tests/train/tests.xml
train,12,0,12,tests.test_roadmap_gpu,test_roadmap_cuda_model_limits[c1_rank0],PASS,0.016,reporter-tests/train/tests.xml
train,13,0,13,tests.test_roadmap_gpu,test_roadmap_cuda_model_limits[c1_rank1],PASS,0.018,reporter-tests/train/tests.xml
train,14,0,14,tests.test_roadmap_gpu,test_roadmap_cuda_model_limits[c1_rank2],PASS,0.020,reporter-tests/train/tests.xml
train,15,0,15,tests.test_roadmap_gpu,test_roadmap_cuda_model_limits[c2_rank2],PASS,0.022,reporter-tests/train/tests.xml
train,16,0,16,tests.test_roadmap_gpu,test_roadmap_cuda_model_limits[source_embedded],PASS,0.010,reporter-tests/train/tests.xml
train,17,0,17,tests.test_roadmap_gpu,test_roadmap_cuda_model_gradient[source],PASS,0.085,reporter-tests/train/tests.xml
train,18,0,18,tests.test_roadmap_gpu,test_roadmap_cuda_model_gradient[rank1],PASS,0.022,reporter-tests/train/tests.xml
train,19,0,19,tests.test_roadmap_gpu,test_roadmap_cuda_model_gradient[rank2],PASS,0.018,reporter-tests/train/tests.xml
train,20,0,20,tests.test_roadmap_gpu,test_roadmap_cuda_model_gradient[source_postcompression],PASS,0.012,reporter-tests/train/tests.xml
train,21,0,21,tests.test_roadmap_gpu,test_roadmap_cuda_model_gradient[source_trust],PASS,0.019,reporter-tests/train/tests.xml
train,22,0,22,tests.test_roadmap_gpu,test_roadmap_cuda_model_gradient[source_consistency],PASS,0.012,reporter-tests/train/tests.xml
train,23,0,23,tests.test_roadmap_gpu,test_roadmap_cuda_model_gradient[source_df_loss],PASS,0.012,reporter-tests/train/tests.xml
train,24,0,24,tests.test_roadmap_gpu,test_roadmap_cuda_model_gradient[source_df_loss_shared],PASS,0.011,reporter-tests/train/tests.xml
train,25,0,25,tests.test_roadmap_gpu,test_roadmap_cuda_model_gradient[source_multiband],PASS,0.024,reporter-tests/train/tests.xml
train,26,0,26,tests.test_roadmap_gpu,test_roadmap_cuda_model_gradient[cheap_fno],PASS,0.013,reporter-tests/train/tests.xml
train,27,0,27,tests.test_roadmap_gpu,test_roadmap_cuda_model_gradient[deep_fno],PASS,0.018,reporter-tests/train/tests.xml
train,28,0,28,tests.test_roadmap_gpu,test_roadmap_cuda_model_gradient[direct_fno],PASS,0.015,reporter-tests/train/tests.xml
train,29,0,29,tests.test_roadmap_gpu,test_roadmap_cuda_model_gradient[c1_rank0],PASS,0.015,reporter-tests/train/tests.xml
train,30,0,30,tests.test_roadmap_gpu,test_roadmap_cuda_model_gradient[c1_rank1],PASS,0.021,reporter-tests/train/tests.xml
train,31,0,31,tests.test_roadmap_gpu,test_roadmap_cuda_model_gradient[c1_rank2],PASS,0.024,reporter-tests/train/tests.xml
train,32,0,32,tests.test_roadmap_gpu,test_roadmap_cuda_model_gradient[c2_rank2],PASS,0.025,reporter-tests/train/tests.xml
train,33,0,33,tests.test_roadmap_gpu,test_roadmap_cuda_model_gradient[source_embedded],PASS,0.013,reporter-tests/train/tests.xml
train,34,0,34,tests.test_roadmap_gpu,test_roadmap_cuda_numerical_parity[quadratic],PASS,0.010,reporter-tests/train/tests.xml
train,35,0,35,tests.test_roadmap_gpu,test_roadmap_cuda_numerical_parity[cubic],PASS,0.014,reporter-tests/train/tests.xml
train,36,0,36,tests.test_roadmap_gpu,test_roadmap_cuda_numerical_parity[dealias],PASS,0.009,reporter-tests/train/tests.xml
train,37,0,37,tests.test_roadmap_gpu,test_roadmap_cuda_numerical_parity[moments],PASS,0.030,reporter-tests/train/tests.xml
train,38,0,38,tests.test_roadmap_gpu,test_roadmap_cuda_fractional_physical_scale,PASS,0.008,reporter-tests/train/tests.xml
train,39,0,39,tests.test_roadmap_gpu,test_roadmap_cuda_allocation_visible,PASS,0.006,reporter-tests/train/tests.xml
train,40,0,40,tests.test_roadmap_gpu,test_roadmap_cuda_classical_controller[fp32-discrete],PASS,0.245,reporter-tests/train/tests.xml
train,41,0,41,tests.test_roadmap_gpu,test_roadmap_cuda_classical_controller[fp32-continuum],PASS,0.025,reporter-tests/train/tests.xml
train,42,0,42,tests.test_roadmap_gpu,test_roadmap_cuda_classical_controller[fp64-discrete],PASS,0.009,reporter-tests/train/tests.xml
train,43,0,43,tests.test_roadmap_gpu,test_roadmap_cuda_classical_controller[fp64-continuum],PASS,0.026,reporter-tests/train/tests.xml
train,44,0,44,tests.test_roadmap_gpu,test_roadmap_cuda_policy_fallback[empirical-discrete],PASS,0.010,reporter-tests/train/tests.xml
train,45,0,45,tests.test_roadmap_gpu,test_roadmap_cuda_policy_fallback[empirical-continuum],PASS,0.019,reporter-tests/train/tests.xml
train,46,0,46,tests.test_roadmap_gpu,test_roadmap_cuda_policy_fallback[conformal-discrete],PASS,0.008,reporter-tests/train/tests.xml
train,47,0,47,tests.test_roadmap_gpu,test_roadmap_cuda_policy_fallback[conformal-continuum],PASS,0.016,reporter-tests/train/tests.xml
confirm,0,0,0,tests.test_roadmap_gpu,test_roadmap_cuda_model_limits[source],PASS,0.377,reporter-tests/confirm/tests.xml
confirm,1,0,1,tests.test_roadmap_gpu,test_roadmap_cuda_model_limits[rank1],PASS,0.037,reporter-tests/confirm/tests.xml
confirm,2,0,2,tests.test_roadmap_gpu,test_roadmap_cuda_model_limits[rank2],PASS,0.015,reporter-tests/confirm/tests.xml
confirm,3,0,3,tests.test_roadmap_gpu,test_roadmap_cuda_model_limits[source_postcompression],PASS,0.012,reporter-tests/confirm/tests.xml
confirm,4,0,4,tests.test_roadmap_gpu,test_roadmap_cuda_model_limits[source_trust],PASS,0.012,reporter-tests/confirm/tests.xml
confirm,5,0,5,tests.test_roadmap_gpu,test_roadmap_cuda_model_limits[source_consistency],PASS,0.011,reporter-tests/confirm/tests.xml
confirm,6,0,6,tests.test_roadmap_gpu,test_roadmap_cuda_model_limits[source_df_loss],PASS,0.011,reporter-tests/confirm/tests.xml
confirm,7,0,7,tests.test_roadmap_gpu,test_roadmap_cuda_model_limits[source_df_loss_shared],PASS,0.011,reporter-tests/confirm/tests.xml
confirm,8,0,8,tests.test_roadmap_gpu,test_roadmap_cuda_model_limits[source_multiband],PASS,0.013,reporter-tests/confirm/tests.xml
confirm,9,0,9,tests.test_roadmap_gpu,test_roadmap_cuda_model_limits[cheap_fno],PASS,0.011,reporter-tests/confirm/tests.xml
confirm,10,0,10,tests.test_roadmap_gpu,test_roadmap_cuda_model_limits[deep_fno],PASS,0.020,reporter-tests/confirm/tests.xml
confirm,11,0,11,tests.test_roadmap_gpu,test_roadmap_cuda_model_limits[direct_fno],PASS,0.011,reporter-tests/confirm/tests.xml
confirm,12,0,12,tests.test_roadmap_gpu,test_roadmap_cuda_model_limits[c1_rank0],PASS,0.016,reporter-tests/confirm/tests.xml
confirm,13,0,13,tests.test_roadmap_gpu,test_roadmap_cuda_model_limits[c1_rank1],PASS,0.018,reporter-tests/confirm/tests.xml
confirm,14,0,14,tests.test_roadmap_gpu,test_roadmap_cuda_model_limits[c1_rank2],PASS,0.019,reporter-tests/confirm/tests.xml
confirm,15,0,15,tests.test_roadmap_gpu,test_roadmap_cuda_model_limits[c2_rank2],PASS,0.020,reporter-tests/confirm/tests.xml
confirm,16,0,16,tests.test_roadmap_gpu,test_roadmap_cuda_model_limits[source_embedded],PASS,0.010,reporter-tests/confirm/tests.xml
confirm,17,0,17,tests.test_roadmap_gpu,test_roadmap_cuda_model_gradient[source],PASS,0.085,reporter-tests/confirm/tests.xml
confirm,18,0,18,tests.test_roadmap_gpu,test_roadmap_cuda_model_gradient[rank1],PASS,0.022,reporter-tests/confirm/tests.xml
confirm,19,0,19,tests.test_roadmap_gpu,test_roadmap_cuda_model_gradient[rank2],PASS,0.017,reporter-tests/confirm/tests.xml
confirm,20,0,20,tests.test_roadmap_gpu,test_roadmap_cuda_model_gradient[source_postcompression],PASS,0.012,reporter-tests/confirm/tests.xml
confirm,21,0,21,tests.test_roadmap_gpu,test_roadmap_cuda_model_gradient[source_trust],PASS,0.018,reporter-tests/confirm/tests.xml
confirm,22,0,22,tests.test_roadmap_gpu,test_roadmap_cuda_model_gradient[source_consistency],PASS,0.012,reporter-tests/confirm/tests.xml
confirm,23,0,23,tests.test_roadmap_gpu,test_roadmap_cuda_model_gradient[source_df_loss],PASS,0.011,reporter-tests/confirm/tests.xml
confirm,24,0,24,tests.test_roadmap_gpu,test_roadmap_cuda_model_gradient[source_df_loss_shared],PASS,0.011,reporter-tests/confirm/tests.xml
confirm,25,0,25,tests.test_roadmap_gpu,test_roadmap_cuda_model_gradient[source_multiband],PASS,0.025,reporter-tests/confirm/tests.xml
confirm,26,0,26,tests.test_roadmap_gpu,test_roadmap_cuda_model_gradient[cheap_fno],PASS,0.012,reporter-tests/confirm/tests.xml
confirm,27,0,27,tests.test_roadmap_gpu,test_roadmap_cuda_model_gradient[deep_fno],PASS,0.017,reporter-tests/confirm/tests.xml
confirm,28,0,28,tests.test_roadmap_gpu,test_roadmap_cuda_model_gradient[direct_fno],PASS,0.014,reporter-tests/confirm/tests.xml
confirm,29,0,29,tests.test_roadmap_gpu,test_roadmap_cuda_model_gradient[c1_rank0],PASS,0.015,reporter-tests/confirm/tests.xml
confirm,30,0,30,tests.test_roadmap_gpu,test_roadmap_cuda_model_gradient[c1_rank1],PASS,0.020,reporter-tests/confirm/tests.xml
confirm,31,0,31,tests.test_roadmap_gpu,test_roadmap_cuda_model_gradient[c1_rank2],PASS,0.022,reporter-tests/confirm/tests.xml
confirm,32,0,32,tests.test_roadmap_gpu,test_roadmap_cuda_model_gradient[c2_rank2],PASS,0.023,reporter-tests/confirm/tests.xml
confirm,33,0,33,tests.test_roadmap_gpu,test_roadmap_cuda_model_gradient[source_embedded],PASS,0.012,reporter-tests/confirm/tests.xml
confirm,34,0,34,tests.test_roadmap_gpu,test_roadmap_cuda_numerical_parity[quadratic],PASS,0.009,reporter-tests/confirm/tests.xml
confirm,35,0,35,tests.test_roadmap_gpu,test_roadmap_cuda_numerical_parity[cubic],PASS,0.014,reporter-tests/confirm/tests.xml
confirm,36,0,36,tests.test_roadmap_gpu,test_roadmap_cuda_numerical_parity[dealias],PASS,0.008,reporter-tests/confirm/tests.xml
confirm,37,0,37,tests.test_roadmap_gpu,test_roadmap_cuda_numerical_parity[moments],PASS,0.029,reporter-tests/confirm/tests.xml
confirm,38,0,38,tests.test_roadmap_gpu,test_roadmap_cuda_fractional_physical_scale,PASS,0.007,reporter-tests/confirm/tests.xml
confirm,39,0,39,tests.test_roadmap_gpu,test_roadmap_cuda_allocation_visible,PASS,0.006,reporter-tests/confirm/tests.xml
confirm,40,0,40,tests.test_roadmap_gpu,test_roadmap_cuda_classical_controller[fp32-discrete],PASS,0.229,reporter-tests/confirm/tests.xml
confirm,41,0,41,tests.test_roadmap_gpu,test_roadmap_cuda_classical_controller[fp32-continuum],PASS,0.024,reporter-tests/confirm/tests.xml
confirm,42,0,42,tests.test_roadmap_gpu,test_roadmap_cuda_classical_controller[fp64-discrete],PASS,0.008,reporter-tests/confirm/tests.xml
confirm,43,0,43,tests.test_roadmap_gpu,test_roadmap_cuda_classical_controller[fp64-continuum],PASS,0.024,reporter-tests/confirm/tests.xml
confirm,44,0,44,tests.test_roadmap_gpu,test_roadmap_cuda_policy_fallback[empirical-discrete],PASS,0.010,reporter-tests/confirm/tests.xml
confirm,45,0,45,tests.test_roadmap_gpu,test_roadmap_cuda_policy_fallback[empirical-continuum],PASS,0.018,reporter-tests/confirm/tests.xml
confirm,46,0,46,tests.test_roadmap_gpu,test_roadmap_cuda_policy_fallback[conformal-discrete],PASS,0.007,reporter-tests/confirm/tests.xml
confirm,47,0,47,tests.test_roadmap_gpu,test_roadmap_cuda_policy_fallback[conformal-continuum],PASS,0.016,reporter-tests/confirm/tests.xml
policy,0,0,0,tests.test_roadmap_gpu,test_roadmap_cuda_model_limits[source],PASS,0.361,reporter-tests/policy/tests.xml
policy,1,0,1,tests.test_roadmap_gpu,test_roadmap_cuda_model_limits[rank1],PASS,0.036,reporter-tests/policy/tests.xml
policy,2,0,2,tests.test_roadmap_gpu,test_roadmap_cuda_model_limits[rank2],PASS,0.014,reporter-tests/policy/tests.xml
policy,3,0,3,tests.test_roadmap_gpu,test_roadmap_cuda_model_limits[source_postcompression],PASS,0.012,reporter-tests/policy/tests.xml
policy,4,0,4,tests.test_roadmap_gpu,test_roadmap_cuda_model_limits[source_trust],PASS,0.012,reporter-tests/policy/tests.xml
policy,5,0,5,tests.test_roadmap_gpu,test_roadmap_cuda_model_limits[source_consistency],PASS,0.011,reporter-tests/policy/tests.xml
policy,6,0,6,tests.test_roadmap_gpu,test_roadmap_cuda_model_limits[source_df_loss],PASS,0.011,reporter-tests/policy/tests.xml
policy,7,0,7,tests.test_roadmap_gpu,test_roadmap_cuda_model_limits[source_df_loss_shared],PASS,0.011,reporter-tests/policy/tests.xml
policy,8,0,8,tests.test_roadmap_gpu,test_roadmap_cuda_model_limits[source_multiband],PASS,0.013,reporter-tests/policy/tests.xml
policy,9,0,9,tests.test_roadmap_gpu,test_roadmap_cuda_model_limits[cheap_fno],PASS,0.011,reporter-tests/policy/tests.xml
policy,10,0,10,tests.test_roadmap_gpu,test_roadmap_cuda_model_limits[deep_fno],PASS,0.020,reporter-tests/policy/tests.xml
policy,11,0,11,tests.test_roadmap_gpu,test_roadmap_cuda_model_limits[direct_fno],PASS,0.011,reporter-tests/policy/tests.xml
policy,12,0,12,tests.test_roadmap_gpu,test_roadmap_cuda_model_limits[c1_rank0],PASS,0.015,reporter-tests/policy/tests.xml
policy,13,0,13,tests.test_roadmap_gpu,test_roadmap_cuda_model_limits[c1_rank1],PASS,0.017,reporter-tests/policy/tests.xml
policy,14,0,14,tests.test_roadmap_gpu,test_roadmap_cuda_model_limits[c1_rank2],PASS,0.019,reporter-tests/policy/tests.xml
policy,15,0,15,tests.test_roadmap_gpu,test_roadmap_cuda_model_limits[c2_rank2],PASS,0.020,reporter-tests/policy/tests.xml
policy,16,0,16,tests.test_roadmap_gpu,test_roadmap_cuda_model_limits[source_embedded],PASS,0.010,reporter-tests/policy/tests.xml
policy,17,0,17,tests.test_roadmap_gpu,test_roadmap_cuda_model_gradient[source],PASS,0.086,reporter-tests/policy/tests.xml
policy,18,0,18,tests.test_roadmap_gpu,test_roadmap_cuda_model_gradient[rank1],PASS,0.022,reporter-tests/policy/tests.xml
policy,19,0,19,tests.test_roadmap_gpu,test_roadmap_cuda_model_gradient[rank2],PASS,0.017,reporter-tests/policy/tests.xml
policy,20,0,20,tests.test_roadmap_gpu,test_roadmap_cuda_model_gradient[source_postcompression],PASS,0.012,reporter-tests/policy/tests.xml
policy,21,0,21,tests.test_roadmap_gpu,test_roadmap_cuda_model_gradient[source_trust],PASS,0.017,reporter-tests/policy/tests.xml
policy,22,0,22,tests.test_roadmap_gpu,test_roadmap_cuda_model_gradient[source_consistency],PASS,0.011,reporter-tests/policy/tests.xml
policy,23,0,23,tests.test_roadmap_gpu,test_roadmap_cuda_model_gradient[source_df_loss],PASS,0.011,reporter-tests/policy/tests.xml
policy,24,0,24,tests.test_roadmap_gpu,test_roadmap_cuda_model_gradient[source_df_loss_shared],PASS,0.012,reporter-tests/policy/tests.xml
policy,25,0,25,tests.test_roadmap_gpu,test_roadmap_cuda_model_gradient[source_multiband],PASS,0.024,reporter-tests/policy/tests.xml
policy,26,0,26,tests.test_roadmap_gpu,test_roadmap_cuda_model_gradient[cheap_fno],PASS,0.011,reporter-tests/policy/tests.xml
policy,27,0,27,tests.test_roadmap_gpu,test_roadmap_cuda_model_gradient[deep_fno],PASS,0.016,reporter-tests/policy/tests.xml
policy,28,0,28,tests.test_roadmap_gpu,test_roadmap_cuda_model_gradient[direct_fno],PASS,0.014,reporter-tests/policy/tests.xml
policy,29,0,29,tests.test_roadmap_gpu,test_roadmap_cuda_model_gradient[c1_rank0],PASS,0.014,reporter-tests/policy/tests.xml
policy,30,0,30,tests.test_roadmap_gpu,test_roadmap_cuda_model_gradient[c1_rank1],PASS,0.020,reporter-tests/policy/tests.xml
policy,31,0,31,tests.test_roadmap_gpu,test_roadmap_cuda_model_gradient[c1_rank2],PASS,0.022,reporter-tests/policy/tests.xml
policy,32,0,32,tests.test_roadmap_gpu,test_roadmap_cuda_model_gradient[c2_rank2],PASS,0.023,reporter-tests/policy/tests.xml
policy,33,0,33,tests.test_roadmap_gpu,test_roadmap_cuda_model_gradient[source_embedded],PASS,0.011,reporter-tests/policy/tests.xml
policy,34,0,34,tests.test_roadmap_gpu,test_roadmap_cuda_numerical_parity[quadratic],PASS,0.009,reporter-tests/policy/tests.xml
policy,35,0,35,tests.test_roadmap_gpu,test_roadmap_cuda_numerical_parity[cubic],PASS,0.014,reporter-tests/policy/tests.xml
policy,36,0,36,tests.test_roadmap_gpu,test_roadmap_cuda_numerical_parity[dealias],PASS,0.008,reporter-tests/policy/tests.xml
policy,37,0,37,tests.test_roadmap_gpu,test_roadmap_cuda_numerical_parity[moments],PASS,0.028,reporter-tests/policy/tests.xml
policy,38,0,38,tests.test_roadmap_gpu,test_roadmap_cuda_fractional_physical_scale,PASS,0.007,reporter-tests/policy/tests.xml
policy,39,0,39,tests.test_roadmap_gpu,test_roadmap_cuda_allocation_visible,PASS,0.006,reporter-tests/policy/tests.xml
policy,40,0,40,tests.test_roadmap_gpu,test_roadmap_cuda_classical_controller[fp32-discrete],PASS,0.229,reporter-tests/policy/tests.xml
policy,41,0,41,tests.test_roadmap_gpu,test_roadmap_cuda_classical_controller[fp32-continuum],PASS,0.025,reporter-tests/policy/tests.xml
policy,42,0,42,tests.test_roadmap_gpu,test_roadmap_cuda_classical_controller[fp64-discrete],PASS,0.008,reporter-tests/policy/tests.xml
policy,43,0,43,tests.test_roadmap_gpu,test_roadmap_cuda_classical_controller[fp64-continuum],PASS,0.024,reporter-tests/policy/tests.xml
policy,44,0,44,tests.test_roadmap_gpu,test_roadmap_cuda_policy_fallback[empirical-discrete],PASS,0.010,reporter-tests/policy/tests.xml
policy,45,0,45,tests.test_roadmap_gpu,test_roadmap_cuda_policy_fallback[empirical-continuum],PASS,0.018,reporter-tests/policy/tests.xml
policy,46,0,46,tests.test_roadmap_gpu,test_roadmap_cuda_policy_fallback[conformal-discrete],PASS,0.008,reporter-tests/policy/tests.xml
policy,47,0,47,tests.test_roadmap_gpu,test_roadmap_cuda_policy_fallback[conformal-continuum],PASS,0.016,reporter-tests/policy/tests.xml
scaling,0,0,0,tests.test_roadmap_gpu,test_roadmap_cuda_model_limits[source],PASS,0.347,reporter-tests/scaling/tests.xml
scaling,1,0,1,tests.test_roadmap_gpu,test_roadmap_cuda_model_limits[rank1],PASS,0.038,reporter-tests/scaling/tests.xml
scaling,2,0,2,tests.test_roadmap_gpu,test_roadmap_cuda_model_limits[rank2],PASS,0.015,reporter-tests/scaling/tests.xml
scaling,3,0,3,tests.test_roadmap_gpu,test_roadmap_cuda_model_limits[source_postcompression],PASS,0.012,reporter-tests/scaling/tests.xml
scaling,4,0,4,tests.test_roadmap_gpu,test_roadmap_cuda_model_limits[source_trust],PASS,0.012,reporter-tests/scaling/tests.xml
scaling,5,0,5,tests.test_roadmap_gpu,test_roadmap_cuda_model_limits[source_consistency],PASS,0.011,reporter-tests/scaling/tests.xml
scaling,6,0,6,tests.test_roadmap_gpu,test_roadmap_cuda_model_limits[source_df_loss],PASS,0.011,reporter-tests/scaling/tests.xml
scaling,7,0,7,tests.test_roadmap_gpu,test_roadmap_cuda_model_limits[source_df_loss_shared],PASS,0.011,reporter-tests/scaling/tests.xml
scaling,8,0,8,tests.test_roadmap_gpu,test_roadmap_cuda_model_limits[source_multiband],PASS,0.013,reporter-tests/scaling/tests.xml
scaling,9,0,9,tests.test_roadmap_gpu,test_roadmap_cuda_model_limits[cheap_fno],PASS,0.011,reporter-tests/scaling/tests.xml
scaling,10,0,10,tests.test_roadmap_gpu,test_roadmap_cuda_model_limits[deep_fno],PASS,0.020,reporter-tests/scaling/tests.xml
scaling,11,0,11,tests.test_roadmap_gpu,test_roadmap_cuda_model_limits[direct_fno],PASS,0.011,reporter-tests/scaling/tests.xml
scaling,12,0,12,tests.test_roadmap_gpu,test_roadmap_cuda_model_limits[c1_rank0],PASS,0.016,reporter-tests/scaling/tests.xml
scaling,13,0,13,tests.test_roadmap_gpu,test_roadmap_cuda_model_limits[c1_rank1],PASS,0.018,reporter-tests/scaling/tests.xml
scaling,14,0,14,tests.test_roadmap_gpu,test_roadmap_cuda_model_limits[c1_rank2],PASS,0.019,reporter-tests/scaling/tests.xml
scaling,15,0,15,tests.test_roadmap_gpu,test_roadmap_cuda_model_limits[c2_rank2],PASS,0.020,reporter-tests/scaling/tests.xml
scaling,16,0,16,tests.test_roadmap_gpu,test_roadmap_cuda_model_limits[source_embedded],PASS,0.010,reporter-tests/scaling/tests.xml
scaling,17,0,17,tests.test_roadmap_gpu,test_roadmap_cuda_model_gradient[source],PASS,0.085,reporter-tests/scaling/tests.xml
scaling,18,0,18,tests.test_roadmap_gpu,test_roadmap_cuda_model_gradient[rank1],PASS,0.022,reporter-tests/scaling/tests.xml
scaling,19,0,19,tests.test_roadmap_gpu,test_roadmap_cuda_model_gradient[rank2],PASS,0.017,reporter-tests/scaling/tests.xml
scaling,20,0,20,tests.test_roadmap_gpu,test_roadmap_cuda_model_gradient[source_postcompression],PASS,0.012,reporter-tests/scaling/tests.xml
scaling,21,0,21,tests.test_roadmap_gpu,test_roadmap_cuda_model_gradient[source_trust],PASS,0.018,reporter-tests/scaling/tests.xml
scaling,22,0,22,tests.test_roadmap_gpu,test_roadmap_cuda_model_gradient[source_consistency],PASS,0.012,reporter-tests/scaling/tests.xml
scaling,23,0,23,tests.test_roadmap_gpu,test_roadmap_cuda_model_gradient[source_df_loss],PASS,0.011,reporter-tests/scaling/tests.xml
scaling,24,0,24,tests.test_roadmap_gpu,test_roadmap_cuda_model_gradient[source_df_loss_shared],PASS,0.011,reporter-tests/scaling/tests.xml
scaling,25,0,25,tests.test_roadmap_gpu,test_roadmap_cuda_model_gradient[source_multiband],PASS,0.024,reporter-tests/scaling/tests.xml
scaling,26,0,26,tests.test_roadmap_gpu,test_roadmap_cuda_model_gradient[cheap_fno],PASS,0.012,reporter-tests/scaling/tests.xml
scaling,27,0,27,tests.test_roadmap_gpu,test_roadmap_cuda_model_gradient[deep_fno],PASS,0.017,reporter-tests/scaling/tests.xml
scaling,28,0,28,tests.test_roadmap_gpu,test_roadmap_cuda_model_gradient[direct_fno],PASS,0.014,reporter-tests/scaling/tests.xml
scaling,29,0,29,tests.test_roadmap_gpu,test_roadmap_cuda_model_gradient[c1_rank0],PASS,0.015,reporter-tests/scaling/tests.xml
scaling,30,0,30,tests.test_roadmap_gpu,test_roadmap_cuda_model_gradient[c1_rank1],PASS,0.020,reporter-tests/scaling/tests.xml
scaling,31,0,31,tests.test_roadmap_gpu,test_roadmap_cuda_model_gradient[c1_rank2],PASS,0.022,reporter-tests/scaling/tests.xml
scaling,32,0,32,tests.test_roadmap_gpu,test_roadmap_cuda_model_gradient[c2_rank2],PASS,0.023,reporter-tests/scaling/tests.xml
scaling,33,0,33,tests.test_roadmap_gpu,test_roadmap_cuda_model_gradient[source_embedded],PASS,0.012,reporter-tests/scaling/tests.xml
scaling,34,0,34,tests.test_roadmap_gpu,test_roadmap_cuda_numerical_parity[quadratic],PASS,0.009,reporter-tests/scaling/tests.xml
scaling,35,0,35,tests.test_roadmap_gpu,test_roadmap_cuda_numerical_parity[cubic],PASS,0.014,reporter-tests/scaling/tests.xml
scaling,36,0,36,tests.test_roadmap_gpu,test_roadmap_cuda_numerical_parity[dealias],PASS,0.008,reporter-tests/scaling/tests.xml
scaling,37,0,37,tests.test_roadmap_gpu,test_roadmap_cuda_numerical_parity[moments],PASS,0.029,reporter-tests/scaling/tests.xml
scaling,38,0,38,tests.test_roadmap_gpu,test_roadmap_cuda_fractional_physical_scale,PASS,0.007,reporter-tests/scaling/tests.xml
scaling,39,0,39,tests.test_roadmap_gpu,test_roadmap_cuda_allocation_visible,PASS,0.006,reporter-tests/scaling/tests.xml
scaling,40,0,40,tests.test_roadmap_gpu,test_roadmap_cuda_classical_controller[fp32-discrete],PASS,0.230,reporter-tests/scaling/tests.xml
scaling,41,0,41,tests.test_roadmap_gpu,test_roadmap_cuda_classical_controller[fp32-continuum],PASS,0.024,reporter-tests/scaling/tests.xml
scaling,42,0,42,tests.test_roadmap_gpu,test_roadmap_cuda_classical_controller[fp64-discrete],PASS,0.008,reporter-tests/scaling/tests.xml
scaling,43,0,43,tests.test_roadmap_gpu,test_roadmap_cuda_classical_controller[fp64-continuum],PASS,0.024,reporter-tests/scaling/tests.xml
scaling,44,0,44,tests.test_roadmap_gpu,test_roadmap_cuda_policy_fallback[empirical-discrete],PASS,0.010,reporter-tests/scaling/tests.xml
scaling,45,0,45,tests.test_roadmap_gpu,test_roadmap_cuda_policy_fallback[empirical-continuum],PASS,0.017,reporter-tests/scaling/tests.xml
scaling,46,0,46,tests.test_roadmap_gpu,test_roadmap_cuda_policy_fallback[conformal-discrete],PASS,0.008,reporter-tests/scaling/tests.xml
scaling,47,0,47,tests.test_roadmap_gpu,test_roadmap_cuda_policy_fallback[conformal-continuum],PASS,0.016,reporter-tests/scaling/tests.xml
