family_a,family_b,same_schedule_pair_summary,matched_endpoint_frontier_summary,scaling_pair_summary,note
rank1,rank1_postcompression,AVAILABLE,NO_DEDICATED_INDIVIDUAL_FRONTIER,NOT_MEASURED_IN_SCALING_MATCHUP,Raw common-condition observations exist for every family; absent dedicated comparisons are not invented here. Strongest classical is a separate derived frontier.
rank1,rank1_frozen,AVAILABLE,NO_DEDICATED_INDIVIDUAL_FRONTIER,NOT_MEASURED_IN_SCALING_MATCHUP,Raw common-condition observations exist for every family; absent dedicated comparisons are not invented here. Strongest classical is a separate derived frontier.
rank1,analytic_quad,AVAILABLE,AVAILABLE,NOT_MEASURED_IN_SCALING_MATCHUP,Raw common-condition observations exist for every family; absent dedicated comparisons are not invented here. Strongest classical is a separate derived frontier.
rank1,analytic_quad_cubic,AVAILABLE,AVAILABLE,NOT_MEASURED_IN_SCALING_MATCHUP,Raw common-condition observations exist for every family; absent dedicated comparisons are not invented here. Strongest classical is a separate derived frontier.
rank1,fno_small,AVAILABLE,AVAILABLE,AVAILABLE,Raw common-condition observations exist for every family; absent dedicated comparisons are not invented here. Strongest classical is a separate derived frontier.
rank1,fno_standard,AVAILABLE,AVAILABLE,AVAILABLE,Raw common-condition observations exist for every family; absent dedicated comparisons are not invented here. Strongest classical is a separate derived frontier.
rank1,direct_fno,AVAILABLE,AVAILABLE,NOT_MEASURED_IN_SCALING_MATCHUP,Raw common-condition observations exist for every family; absent dedicated comparisons are not invented here. Strongest classical is a separate derived frontier.
rank1,df,AVAILABLE,NO_DEDICATED_INDIVIDUAL_FRONTIER,AVAILABLE,Raw common-condition observations exist for every family; absent dedicated comparisons are not invented here. Strongest classical is a separate derived frontier.
rank1,etdrk4,AVAILABLE,NO_DEDICATED_INDIVIDUAL_FRONTIER,AVAILABLE,Raw common-condition observations exist for every family; absent dedicated comparisons are not invented here. Strongest classical is a separate derived frontier.
rank1_postcompression,rank1_frozen,NO_DEDICATED_PAIRED_SUMMARY,NO_DEDICATED_INDIVIDUAL_FRONTIER,NOT_MEASURED_IN_SCALING_MATCHUP,Raw common-condition observations exist for every family; absent dedicated comparisons are not invented here. Strongest classical is a separate derived frontier.
rank1_postcompression,analytic_quad,NO_DEDICATED_PAIRED_SUMMARY,NO_DEDICATED_INDIVIDUAL_FRONTIER,NOT_MEASURED_IN_SCALING_MATCHUP,Raw common-condition observations exist for every family; absent dedicated comparisons are not invented here. Strongest classical is a separate derived frontier.
rank1_postcompression,analytic_quad_cubic,NO_DEDICATED_PAIRED_SUMMARY,NO_DEDICATED_INDIVIDUAL_FRONTIER,NOT_MEASURED_IN_SCALING_MATCHUP,Raw common-condition observations exist for every family; absent dedicated comparisons are not invented here. Strongest classical is a separate derived frontier.
rank1_postcompression,fno_small,NO_DEDICATED_PAIRED_SUMMARY,NO_DEDICATED_INDIVIDUAL_FRONTIER,NOT_MEASURED_IN_SCALING_MATCHUP,Raw common-condition observations exist for every family; absent dedicated comparisons are not invented here. Strongest classical is a separate derived frontier.
rank1_postcompression,fno_standard,NO_DEDICATED_PAIRED_SUMMARY,NO_DEDICATED_INDIVIDUAL_FRONTIER,NOT_MEASURED_IN_SCALING_MATCHUP,Raw common-condition observations exist for every family; absent dedicated comparisons are not invented here. Strongest classical is a separate derived frontier.
rank1_postcompression,direct_fno,NO_DEDICATED_PAIRED_SUMMARY,NO_DEDICATED_INDIVIDUAL_FRONTIER,NOT_MEASURED_IN_SCALING_MATCHUP,Raw common-condition observations exist for every family; absent dedicated comparisons are not invented here. Strongest classical is a separate derived frontier.
rank1_postcompression,df,NO_DEDICATED_PAIRED_SUMMARY,NO_DEDICATED_INDIVIDUAL_FRONTIER,NOT_MEASURED_IN_SCALING_MATCHUP,Raw common-condition observations exist for every family; absent dedicated comparisons are not invented here. Strongest classical is a separate derived frontier.
rank1_postcompression,etdrk4,NO_DEDICATED_PAIRED_SUMMARY,NO_DEDICATED_INDIVIDUAL_FRONTIER,NOT_MEASURED_IN_SCALING_MATCHUP,Raw common-condition observations exist for every family; absent dedicated comparisons are not invented here. Strongest classical is a separate derived frontier.
rank1_frozen,analytic_quad,NO_DEDICATED_PAIRED_SUMMARY,NO_DEDICATED_INDIVIDUAL_FRONTIER,NOT_MEASURED_IN_SCALING_MATCHUP,Raw common-condition observations exist for every family; absent dedicated comparisons are not invented here. Strongest classical is a separate derived frontier.
rank1_frozen,analytic_quad_cubic,NO_DEDICATED_PAIRED_SUMMARY,NO_DEDICATED_INDIVIDUAL_FRONTIER,NOT_MEASURED_IN_SCALING_MATCHUP,Raw common-condition observations exist for every family; absent dedicated comparisons are not invented here. Strongest classical is a separate derived frontier.
rank1_frozen,fno_small,NO_DEDICATED_PAIRED_SUMMARY,NO_DEDICATED_INDIVIDUAL_FRONTIER,NOT_MEASURED_IN_SCALING_MATCHUP,Raw common-condition observations exist for every family; absent dedicated comparisons are not invented here. Strongest classical is a separate derived frontier.
rank1_frozen,fno_standard,NO_DEDICATED_PAIRED_SUMMARY,NO_DEDICATED_INDIVIDUAL_FRONTIER,NOT_MEASURED_IN_SCALING_MATCHUP,Raw common-condition observations exist for every family; absent dedicated comparisons are not invented here. Strongest classical is a separate derived frontier.
rank1_frozen,direct_fno,NO_DEDICATED_PAIRED_SUMMARY,NO_DEDICATED_INDIVIDUAL_FRONTIER,NOT_MEASURED_IN_SCALING_MATCHUP,Raw common-condition observations exist for every family; absent dedicated comparisons are not invented here. Strongest classical is a separate derived frontier.
rank1_frozen,df,NO_DEDICATED_PAIRED_SUMMARY,NO_DEDICATED_INDIVIDUAL_FRONTIER,NOT_MEASURED_IN_SCALING_MATCHUP,Raw common-condition observations exist for every family; absent dedicated comparisons are not invented here. Strongest classical is a separate derived frontier.
rank1_frozen,etdrk4,NO_DEDICATED_PAIRED_SUMMARY,NO_DEDICATED_INDIVIDUAL_FRONTIER,NOT_MEASURED_IN_SCALING_MATCHUP,Raw common-condition observations exist for every family; absent dedicated comparisons are not invented here. Strongest classical is a separate derived frontier.
analytic_quad,analytic_quad_cubic,NO_DEDICATED_PAIRED_SUMMARY,NO_DEDICATED_INDIVIDUAL_FRONTIER,NOT_MEASURED_IN_SCALING_MATCHUP,Raw common-condition observations exist for every family; absent dedicated comparisons are not invented here. Strongest classical is a separate derived frontier.
analytic_quad,fno_small,NO_DEDICATED_PAIRED_SUMMARY,NO_DEDICATED_INDIVIDUAL_FRONTIER,NOT_MEASURED_IN_SCALING_MATCHUP,Raw common-condition observations exist for every family; absent dedicated comparisons are not invented here. Strongest classical is a separate derived frontier.
analytic_quad,fno_standard,NO_DEDICATED_PAIRED_SUMMARY,NO_DEDICATED_INDIVIDUAL_FRONTIER,NOT_MEASURED_IN_SCALING_MATCHUP,Raw common-condition observations exist for every family; absent dedicated comparisons are not invented here. Strongest classical is a separate derived frontier.
analytic_quad,direct_fno,NO_DEDICATED_PAIRED_SUMMARY,NO_DEDICATED_INDIVIDUAL_FRONTIER,NOT_MEASURED_IN_SCALING_MATCHUP,Raw common-condition observations exist for every family; absent dedicated comparisons are not invented here. Strongest classical is a separate derived frontier.
analytic_quad,df,NO_DEDICATED_PAIRED_SUMMARY,NO_DEDICATED_INDIVIDUAL_FRONTIER,NOT_MEASURED_IN_SCALING_MATCHUP,Raw common-condition observations exist for every family; absent dedicated comparisons are not invented here. Strongest classical is a separate derived frontier.
analytic_quad,etdrk4,NO_DEDICATED_PAIRED_SUMMARY,NO_DEDICATED_INDIVIDUAL_FRONTIER,NOT_MEASURED_IN_SCALING_MATCHUP,Raw common-condition observations exist for every family; absent dedicated comparisons are not invented here. Strongest classical is a separate derived frontier.
analytic_quad_cubic,fno_small,NO_DEDICATED_PAIRED_SUMMARY,NO_DEDICATED_INDIVIDUAL_FRONTIER,NOT_MEASURED_IN_SCALING_MATCHUP,Raw common-condition observations exist for every family; absent dedicated comparisons are not invented here. Strongest classical is a separate derived frontier.
analytic_quad_cubic,fno_standard,NO_DEDICATED_PAIRED_SUMMARY,NO_DEDICATED_INDIVIDUAL_FRONTIER,NOT_MEASURED_IN_SCALING_MATCHUP,Raw common-condition observations exist for every family; absent dedicated comparisons are not invented here. Strongest classical is a separate derived frontier.
analytic_quad_cubic,direct_fno,NO_DEDICATED_PAIRED_SUMMARY,NO_DEDICATED_INDIVIDUAL_FRONTIER,NOT_MEASURED_IN_SCALING_MATCHUP,Raw common-condition observations exist for every family; absent dedicated comparisons are not invented here. Strongest classical is a separate derived frontier.
analytic_quad_cubic,df,NO_DEDICATED_PAIRED_SUMMARY,NO_DEDICATED_INDIVIDUAL_FRONTIER,NOT_MEASURED_IN_SCALING_MATCHUP,Raw common-condition observations exist for every family; absent dedicated comparisons are not invented here. Strongest classical is a separate derived frontier.
analytic_quad_cubic,etdrk4,NO_DEDICATED_PAIRED_SUMMARY,NO_DEDICATED_INDIVIDUAL_FRONTIER,NOT_MEASURED_IN_SCALING_MATCHUP,Raw common-condition observations exist for every family; absent dedicated comparisons are not invented here. Strongest classical is a separate derived frontier.
fno_small,fno_standard,NO_DEDICATED_PAIRED_SUMMARY,NO_DEDICATED_INDIVIDUAL_FRONTIER,NOT_MEASURED_IN_SCALING_MATCHUP,Raw common-condition observations exist for every family; absent dedicated comparisons are not invented here. Strongest classical is a separate derived frontier.
fno_small,direct_fno,NO_DEDICATED_PAIRED_SUMMARY,NO_DEDICATED_INDIVIDUAL_FRONTIER,NOT_MEASURED_IN_SCALING_MATCHUP,Raw common-condition observations exist for every family; absent dedicated comparisons are not invented here. Strongest classical is a separate derived frontier.
fno_small,df,NO_DEDICATED_PAIRED_SUMMARY,NO_DEDICATED_INDIVIDUAL_FRONTIER,NOT_MEASURED_IN_SCALING_MATCHUP,Raw common-condition observations exist for every family; absent dedicated comparisons are not invented here. Strongest classical is a separate derived frontier.
fno_small,etdrk4,NO_DEDICATED_PAIRED_SUMMARY,NO_DEDICATED_INDIVIDUAL_FRONTIER,NOT_MEASURED_IN_SCALING_MATCHUP,Raw common-condition observations exist for every family; absent dedicated comparisons are not invented here. Strongest classical is a separate derived frontier.
fno_standard,direct_fno,NO_DEDICATED_PAIRED_SUMMARY,NO_DEDICATED_INDIVIDUAL_FRONTIER,NOT_MEASURED_IN_SCALING_MATCHUP,Raw common-condition observations exist for every family; absent dedicated comparisons are not invented here. Strongest classical is a separate derived frontier.
fno_standard,df,NO_DEDICATED_PAIRED_SUMMARY,NO_DEDICATED_INDIVIDUAL_FRONTIER,NOT_MEASURED_IN_SCALING_MATCHUP,Raw common-condition observations exist for every family; absent dedicated comparisons are not invented here. Strongest classical is a separate derived frontier.
fno_standard,etdrk4,NO_DEDICATED_PAIRED_SUMMARY,NO_DEDICATED_INDIVIDUAL_FRONTIER,NOT_MEASURED_IN_SCALING_MATCHUP,Raw common-condition observations exist for every family; absent dedicated comparisons are not invented here. Strongest classical is a separate derived frontier.
direct_fno,df,NO_DEDICATED_PAIRED_SUMMARY,NO_DEDICATED_INDIVIDUAL_FRONTIER,NOT_MEASURED_IN_SCALING_MATCHUP,Raw common-condition observations exist for every family; absent dedicated comparisons are not invented here. Strongest classical is a separate derived frontier.
direct_fno,etdrk4,NO_DEDICATED_PAIRED_SUMMARY,NO_DEDICATED_INDIVIDUAL_FRONTIER,NOT_MEASURED_IN_SCALING_MATCHUP,Raw common-condition observations exist for every family; absent dedicated comparisons are not invented here. Strongest classical is a separate derived frontier.
df,etdrk4,NO_DEDICATED_PAIRED_SUMMARY,NO_DEDICATED_INDIVIDUAL_FRONTIER,NOT_MEASURED_IN_SCALING_MATCHUP,Raw common-condition observations exist for every family; absent dedicated comparisons are not invented here. Strongest classical is a separate derived frontier.
